-- phpMyAdmin SQL Dump
-- version 5.2.1deb3
-- https://www.phpmyadmin.net/
--
-- Host: localhost:3306
-- Generation Time: Sep 30, 2024 at 01:33 PM
-- Server version: 10.11.8-MariaDB-0ubuntu0.24.04.1
-- PHP Version: 8.3.6

SET SQL_MODE = "NO_AUTO_VALUE_ON_ZERO";
START TRANSACTION;
SET time_zone = "+00:00";


/*!40101 SET @OLD_CHARACTER_SET_CLIENT=@@CHARACTER_SET_CLIENT */;
/*!40101 SET @OLD_CHARACTER_SET_RESULTS=@@CHARACTER_SET_RESULTS */;
/*!40101 SET @OLD_COLLATION_CONNECTION=@@COLLATION_CONNECTION */;
/*!40101 SET NAMES utf8mb4 */;

--
-- Database: `nc_campaign`
--

-- --------------------------------------------------------

--
-- Table structure for table `committees`
--

CREATE TABLE `committees` (
  `committeeId` int(11) NOT NULL,
  `committeeName` varchar(255) NOT NULL
) ENGINE=InnoDB DEFAULT CHARSET=utf8mb4 COLLATE=utf8mb4_unicode_ci;

--
-- Dumping data for table `committees`
--

INSERT INTO `committees` (`committeeId`, `committeeName`) VALUES
(1, 'केन्द्रीय समिति'),
(2, 'केन्द्रीय कार्य सम्पादन समिति'),
(3, 'पालिका कार्य समिति');

-- --------------------------------------------------------

--
-- Table structure for table `events`
--

CREATE TABLE `events` (
  `eventId` int(11) NOT NULL,
  `eventHeading` varchar(255) NOT NULL,
  `eventDetails` varchar(255) NOT NULL,
  `eventDate` varchar(255) NOT NULL,
  `eventTime` varchar(255) NOT NULL,
  `address` varchar(255) DEFAULT 'अन्य',
  `province` varchar(255) DEFAULT NULL,
  `district` varchar(255) DEFAULT NULL,
  `municipality` varchar(255) DEFAULT NULL,
  `ward` varchar(255) DEFAULT NULL,
  `venue` varchar(255) DEFAULT NULL,
  `eventOrganizer` varchar(255) NOT NULL,
  `remarks` varchar(255) DEFAULT NULL
) ENGINE=InnoDB DEFAULT CHARSET=utf8mb4 COLLATE=utf8mb4_unicode_ci;

--
-- Dumping data for table `events`
--

INSERT INTO `events` (`eventId`, `eventHeading`, `eventDetails`, `eventDate`, `eventTime`, `address`, `province`, `district`, `municipality`, `ward`, `venue`, `eventOrganizer`, `remarks`) VALUES
(1, 'हेटौडा उपमहानगरपालिका स्तरिय दशै शुभकमना आदान प्रदान कार्यक्रम', 'नेपाली काँग्रेसकी सहमहा मन्त्री श्री डिना उपाध्यायको समुपस्तितिमा नगरस्तरिय कार्यकर्ता भेला तथा दसै शुभकामना आधान प्रदान कार्यकमा तपाईको उपस्थितिका लागि यो संदेश पठाइएको छ।', '2081-06-15', '20:11', 'नेपाल', 'वागमती', 'मकवानपुर', 'हेटौडा उपमहानगरपालिका', '१४', 'चित्रंगना पार्टी प्यालेस', 'कार्यक्र संयोजक नेपाली काँग्रेस नगरसमिति', 'समुपस्तितिका लागि सवैमा सादर अनुरोध');

-- --------------------------------------------------------

--
-- Table structure for table `levels`
--

CREATE TABLE `levels` (
  `levelId` int(11) NOT NULL,
  `levelName` varchar(255) NOT NULL
) ENGINE=InnoDB DEFAULT CHARSET=utf8mb4 COLLATE=utf8mb4_unicode_ci;

--
-- Dumping data for table `levels`
--

INSERT INTO `levels` (`levelId`, `levelName`) VALUES
(1, 'केन्द्र'),
(2, 'प्रदेश'),
(3, 'जिल्ला'),
(4, 'पालिका');

-- --------------------------------------------------------

--
-- Table structure for table `members`
--

CREATE TABLE `members` (
  `memberId` int(11) NOT NULL,
  `memberName` varchar(255) NOT NULL,
  `mobileNumber` varchar(255) NOT NULL,
  `email` varchar(255) DEFAULT NULL,
  `committeeId` int(11) DEFAULT NULL,
  `subCommitteeId` int(11) DEFAULT NULL,
  `levelId` int(11) DEFAULT NULL,
  `positionId` int(11) DEFAULT NULL,
  `representative` varchar(255) DEFAULT NULL,
  `address` varchar(255) DEFAULT 'अन्य',
  `province` varchar(255) DEFAULT NULL,
  `district` varchar(255) DEFAULT NULL,
  `municipality` varchar(255) DEFAULT NULL,
  `ward` varchar(255) DEFAULT NULL,
  `remarks` varchar(255) DEFAULT NULL
) ENGINE=InnoDB DEFAULT CHARSET=utf8mb4 COLLATE=utf8mb4_unicode_ci;

--
-- Dumping data for table `members`
--

INSERT INTO `members` (`memberId`, `memberName`, `mobileNumber`, `email`, `committeeId`, `subCommitteeId`, `levelId`, `positionId`, `representative`, `address`, `province`, `district`, `municipality`, `ward`, `remarks`) VALUES
(1, 'श्री शेरबहादुर देउवा', '9851087288', 'piyushrl26@gmail.com', 1, NULL, 1, 1, '', 'नेपाल', 'सुदुरपश्चिम ', 'डडेल्धुरा', '', '', ''),
(2, 'श्री पूर्णबहादुर खड्का', '9851085749', 'purnakhadka649@gmail.com', 1, NULL, 1, 2, '', 'नेपाल', 'कर्णाली', 'सुर्खेत', '', '', ''),
(3, 'श्री धनराज गुरूङ', '9851069204', 'dhanraj.grg2022@gmail.com', 1, NULL, 1, 2, '', 'नेपाल', 'गण्डकी', 'स्याङ्जा', '', '', ''),
(4, 'श्री गगनकुमार थापा', '9851067214\n', 'thapagk@gmail.com', 1, NULL, 1, 3, '', 'नेपाल', 'वागमती', 'काठमाडौं', '', '', ''),
(5, 'श्री विश्वप्रकाश शर्मा', '9841329990', 'bishwap77@gmail.com', 1, NULL, 1, 3, '', 'नेपाल', 'कोशी', 'झापा', '', '', ''),
(6, 'श्री फरमुल्लाह मंसुर', '9851010155', 'mansoorfarmullah155@gmail.com', 1, NULL, 1, 4, '', 'नेपाल', 'मधेश', 'बारा', '', '', ''),
(7, 'श्री उमाकान्त चौधरी', '9851111667', 'chaudharyumakant2021@gmail.com', 1, NULL, 1, 4, '', 'नेपाल', 'मधेश', 'बारा', '', '', ''),
(8, 'श्री  महालक्ष्मी उपाध्याय ‘डिना’', '9851064899', 'dina99.nc@gmail.com', 1, NULL, 1, 4, '', 'नेपाल', 'वागमती', 'मकवानपुर', '', '', ''),
(9, 'श्री भीष्मराज आङ्दम्वे', '9841468545', 'vishmalimbu@gmail.com', 1, NULL, 1, 4, '', 'नेपाल', 'कोशी', 'पाँचथर', '', '', ''),
(10, 'श्री महेन्द्र यादव', '9851108446', 'mahendradd@hotmail.com', 1, NULL, 1, 4, '', 'नेपाल', 'मधेश', 'धनुषा', '', '', ''),
(11, 'श्री किशोरसिंह राठौर', '9851027666', '', 1, NULL, 1, 4, '', 'नेपाल', 'लुम्बिनी', 'वर्दिया', '', '', ''),
(12, 'श्री बद्रीप्रसाद पाण्डे', '9851098488', 'pandeybadri1@gmail.com', 1, NULL, 1, 4, '', 'नेपाल', 'कर्णाली', 'बाजुरा', '', '', ''),
(13, 'श्री जीवन परियार', '9851063729', 'pariyarjeevanadv@gmail.com', 1, NULL, 1, 4, '', 'नेपाल', 'गण्डकी', 'कास्की', '', '', ''),
(14, 'श्री गोपालमान श्रेष्ठ', '9851042333', 'gopalman.sth@gmail.com', 1, NULL, 1, 5, '', 'नेपाल', 'गण्डकी', 'स्याङ्जा', '', '', ''),
(15, 'श्री प्रकाशमान सिंह', '9851023764', 'pmcbari@gmail.com', 1, NULL, 1, 5, '', 'नेपाल', 'वागमती', 'काठमाडौं', '', '', ''),
(16, 'श्री विमलेन्द्र निधि', '9851016554', 'nidhi_bimal@hotmail.com', 1, NULL, 1, 5, '', 'नेपाल', 'मधेश', 'धनुषा', '', '', ''),
(17, 'श्री विजयकुमार गच्छदार', '9851033450', 'cgyagya9@gmail.com', 1, NULL, 1, 5, '', 'नेपाल', 'कोशी', 'सुनसरी', '', '', ''),
(18, 'श्री कृष्णप्रसाद सिटौला', '9851109796', 'sitaulakrishnaprasad@gmail.com', 1, NULL, 1, 5, '', 'नेपाल', 'कोशी', 'झापा', '', '', ''),
(19, 'डा. शशांक कोइराला', '9851089833', 'koirala.shashank@gmail.com', 1, NULL, 1, 5, '', 'नेपाल', 'गण्डकी', 'नवलपुर', '', '', ''),
(20, 'श्री चित्रलेखा यादव', '9851198985', 'yadavchitralekha@yahoo.com', 1, NULL, 1, 5, '', 'नेपाल', 'मधेश', 'सिरहा', '', '', ''),
(21, 'डा. रामशरण महत', '9801042466', 'ramsmahat@gmail.com', 1, NULL, 1, 5, '', 'नेपाल', 'वागमती', 'नुवाकोट', '', '', ''),
(22, 'श्री अर्जुननरसिंह के.सी. ', '9851032405', 'arjunnkc@gmail.com', 1, NULL, 1, 5, '', 'नेपाल', 'वागमती', 'नुवाकोट', '', '', ''),
(23, 'डा. प्रकाशशरण महत', '9851035759', 'psmahat@gmail.com', 1, NULL, 1, 5, '', 'नेपाल', 'वागमती', 'नुवाकोट', '', '', ''),
(24, 'श्री सुनिलबहादुर थापा', '9851048666', 'sunelthapa@gmail.com\nsbt@info.com.np', 1, NULL, 1, 5, '', 'नेपाल', 'कोशी', 'धनकुटा', '', '', ''),
(25, 'डा. शेखर कोइराला', '9851055411', 'koiralashekhar@gmail.com', 1, NULL, 1, 5, '', 'नेपाल', 'कोशी', 'मोरङ', '', '', ''),
(26, 'श्री बलबहादुर के.सी.', '9851014499', 'balbahadurkc76@gmail.com', 1, NULL, 1, 5, '', 'नेपाल', 'कोशी', 'सोलुखुम्बु', '', '', ''),
(27, 'श्री बालकृष्ण खाँण', '9851023599', 'khandbk@gmail.com', 1, NULL, 1, 5, '', 'नेपाल', 'लुम्बिनी', 'रुपन्देही', '', '', ''),
(28, 'श्री ज्ञानेन्द्रबहादुर कार्की', '9851014940', 'gyanendrabahadurkarki@gmail.com', 1, NULL, 1, 5, '', 'नेपाल', 'कोशी', 'सुनसरी', '', '', ''),
(29, 'श्री रमेश रिजाल', '9851031355', 'mashihani7@gmail.com', 1, NULL, 1, 5, '', 'नेपाल', 'मधेश', 'पर्सा', '', '', ''),
(30, 'डा. नारायण खड्का', '9851076710', 'nkhadka_ktm@hotmail.com', 1, NULL, 1, 5, '', 'नेपाल', 'कोशी', 'उदयपुर', '', '', ''),
(31, 'डा. मिनेन्द्र रिजाल', '9851032339', 'mrijal@hotmail.com', 1, NULL, 1, 5, '', 'नेपाल', 'कोशी', 'मोरङ', '', '', ''),
(32, 'श्री उमा रेग्मी', '9851086892', 'taraad973@gmail.com', 1, NULL, 1, 5, '', 'नेपाल', 'वागमती', 'चितवन', '', '', ''),
(33, 'श्री जीपछिरिङ लामा', '9851023944', 'jiptlamaa@gmail.com', 1, NULL, 1, 5, '', 'नेपाल', 'वागमती', 'दोलखा', '', '', ''),
(34, 'श्री मानबहादुर विश्वकर्मा', '9851211011\n', 'vishwakarma.mb@gmail.com', 1, NULL, 1, 5, '', 'नेपाल', 'लुम्बिनी', 'अर्घाखाँची', '', '', ''),
(35, 'श्री सुजाता कोइराला', '9843279980', 'koiralasujata@yahoo.com', 1, NULL, 1, 5, '', 'नेपाल', 'कोशी', 'सुनसरी', '', '', ''),
(36, 'श्री पद्मनारायण चौधरी', '9852833444', 'pnchy1947@gmail.com', 1, NULL, 1, 5, '', 'नेपाल', 'मधेश', 'सिरहा', '', '', ''),
(37, 'श्री दिलेन्द्रप्रसाद बडू', '9851011666', 'dilendraprasadbadu@gmail.com', 1, NULL, 1, 5, '', 'नेपाल', 'सुदुरपश्चिम ', 'दार्चुला', '', '', ''),
(38, 'श्री एन.पी. साउद', '9851187912', 'npsauda@gmail.com', 1, NULL, 1, 5, '', 'नेपाल', 'सुदुरपश्चिम ', 'कञ्चनपुर', '', '', ''),
(39, 'श्री अर्जुनप्रसाद जोशी', '9851026680', 'arjunpdjoshi@gmail.com', 1, NULL, 1, 5, '', 'नेपाल', 'गण्डकी', 'पर्वत', '', '', ''),
(40, 'श्री जीवनबहादुर शाही', '9851042576', 'jiwanshahi@yahoo.com', 1, NULL, 1, 5, '', 'नेपाल', 'कर्णाली', 'हुम्ला', '', '', ''),
(41, 'श्री आनन्दप्रसाद ढुंगाना', ' \n9851166605', 'ncapdhungana@yahoo.com', 1, NULL, 1, 5, '', 'नेपाल', 'मधेश', 'धनुषा', '', '', ''),
(42, 'श्री कृष्णचन्द्र नेपाली पोखरेल', '9843360524', 'kcnepali@hotmail.com', 1, NULL, 1, 5, '', 'नेपाल', 'गण्डकी', 'नवलपुर', '', '', ''),
(43, 'श्री दिपक गिरी', '9851146780\n', 'deltanepal@hotmail.com', 1, NULL, 1, 5, '', 'नेपाल', 'लुम्बिनी', 'दाङ', '', '', ''),
(44, 'डा. चन्द्रकान्त भण्डारी', '9851159333\n', 'chandragulmi4@yahoo.com', 1, NULL, 1, 5, '', 'नेपाल', 'गण्डकी', 'गुल्मी', '', '', ''),
(45, 'श्री अजयकुमार चौरसिया', '9851015924\n', 'ajaychaurasianp@gmail.com', 1, NULL, 1, 5, '', 'नेपाल', 'मधेश', 'पर्सा', '', '', ''),
(46, 'सुश्री अम्बिका बस्नेत', '9851012744', 'ambikabasnet661@gmail.com', 1, NULL, 1, 5, '', 'नेपाल', 'वागमती', 'काठमाडौं', '', '', ''),
(47, 'श्री पुष्पा भुसाल', '9841255545', 'pushpa605@gmail.com', 1, NULL, 1, 5, '', 'नेपाल', 'लुम्बिनी', 'अर्घाखाँची', '', '', ''),
(48, 'श्री सुरेन्द्रराज पाण्डे', '9851024834', 'spandeync@gmail.com', 1, NULL, 1, 5, '', 'नेपाल', 'गण्डकी', 'गोरखा', '', '', ''),
(49, 'श्री शंकर भण्डारी', '9851077439\n', 'tarunbibhag@gmail.com', 1, NULL, 1, 5, '', 'नेपाल', 'गण्डकी', 'तनहुँ', '', '', ''),
(50, 'श्री मीनबहादुर विश्वकर्मा', '9851060690', 'meendharan@gmail.com', 1, NULL, 1, 5, '', 'नेपाल', 'कोशी', 'सुनसरी', '', '', ''),
(51, 'श्री ईश्वरी न्यौपाने', '9851242101', 'ishwori2072@yahoo.com\nishwori072@gmail.com', 1, NULL, 1, 5, '', 'नेपाल', 'सुदुरपश्चिम ', 'कैलाली', '', '', ''),
(52, 'श्री सीता गुरुङ', '9851046756', 'sitagurung1@yahoo.com', 1, NULL, 1, 5, '', 'नेपाल', 'कोशी', 'तेह्रथुम', '', '', ''),
(53, 'श्री मिनाक्षी झा', '9851175096', '', 1, NULL, 1, 5, '', 'नेपाल', 'मधेश', 'धनुषा', '', '', ''),
(54, 'श्री सुजाता परियार', '9851017953', 'sujatapariyar40@yahoo.com', 1, NULL, 1, 5, '', 'नेपाल', 'कोशी', 'इलाम', '', '', ''),
(55, 'श्री गोविन्द भट्टराई', '9851195999', 'bhattaraigo@yahoo.com', 1, NULL, 1, 5, '', 'नेपाल', 'गण्डकी', 'तनहुँ', '', '', ''),
(56, 'श्री श्यामकुमार घिमिरे', '9851074435', 'samajdental@gmail.com\nshyamkumarghimire@gmail.com', 1, NULL, 1, 5, '', 'नेपाल', 'वागमती', 'सिन्धुली', '', '', ''),
(57, 'श्री प्रदीप पौडेल', '9851004286', 'ppaudelnc@gmail.com', 1, NULL, 1, 5, '', 'नेपाल', 'गण्डकी', 'तनहुँ', '', '', ''),
(58, 'श्री कल्याणकुमार गुरुङ', '9851087352', 'kalyangurung@hotmail.com\nkalyangurung@gmail.com', 1, NULL, 1, 5, '', 'नेपाल', 'मधेश', 'महोत्तरी', '', '', ''),
(59, 'श्री चिनकाजी श्रेष्ठ', '9851134567', 'chinkaji123@gmail.com', 1, NULL, 1, 5, '', 'नेपाल', 'गण्डकी', 'गोरखा', '', '', ''),
(60, 'श्री मोहनबहादुर बस्नेत', '9851025917', '', 1, NULL, 1, 5, '', 'नेपाल', 'वागमती', 'सिन्धुपाल्चोक', '', '', ''),
(61, 'श्री देवेन्द्रराज कण्डेल', '9851023526', 'devendrarajkandel@gmail.com', 1, NULL, 1, 5, '', 'नेपाल', 'लुम्बिनी', 'नवलपरासी', '', '', ''),
(62, 'डा. डिला संग्रौला', '9841459567', 'dilasangroula@gmail.com', 1, NULL, 1, 5, '', 'नेपाल', 'कोशी', 'मोरङ', '', '', ''),
(63, 'श्री रमेश लेखक', '9851180333', 'rlekhak54@gmail.com', 1, NULL, 1, 5, '', 'नेपाल', 'सुदुरपश्चिम ', 'कञ्चनपुर', '', '', ''),
(64, 'श्री किरण यादव', '', 'yadavkiran0330@gmail.com', 1, NULL, 1, 5, '', 'नेपाल', 'मधेश', 'महोत्तरी', '', '', ''),
(65, 'सुश्री सरिता प्रसाई', '9841536688', 'prasaisarita2@gmail.com\nprasai_sarita@hotmail.com', 1, NULL, 1, 5, '', 'नेपाल', 'कोशी', 'झापा', '', '', ''),
(66, 'श्री बहादुर सिंह (लामा) तामाङ', '9851110759', '', 1, NULL, 1, 5, '', 'नेपाल', 'वागमती', 'नुवाकोट', '', '', ''),
(67, 'श्री लक्ष्मी परियार', '9851112619', 'pariyarlaxmi170@gmail.com', 1, NULL, 1, 5, '', 'नेपाल', 'कोशी', 'उदयपुर', '', '', ''),
(68, 'श्री ध्यानगोविन्द रञ्जित', '\n9851023980', '', 1, NULL, 1, 5, '', 'नेपाल', 'वागमती', 'काठमाडौं', '', '', ''),
(69, 'श्री अमृत अर्याल', '9852024333\n', '', 1, NULL, 1, 5, '', 'नेपाल', 'कोशी', 'मोरङ', '', '', ''),
(70, 'श्री शिवप्रसाद हुमागाँइ', '9841552305', '', 1, NULL, 1, 5, '', 'नेपाल', 'वागमती', 'काभ्रेपलाञ्चोक', '', '', ''),
(71, 'श्री शिला शर्मा खड्का', '9808519500', '', 1, NULL, 1, 5, '', 'नेपाल', 'लुम्बिनी', 'दाङ', '', '', ''),
(72, 'श्री कर्णबहादुर बुढा ', '9851084077', '', 1, NULL, 1, 5, '', 'नेपाल', 'कर्णाली', 'डोल्पा', '', '', ''),
(73, 'श्री रामजनम चौधरी ', '9851006546', '', 1, NULL, 1, 5, '', 'नेपाल', 'सुदुरपश्चिम ', 'कैलाली', '', '', ''),
(74, 'डा. गोपाल दहित ', '9851119139', 'gdahit.un@gmail.com', 1, NULL, 1, 5, '', 'नेपाल', 'लुम्बिनी', 'वर्दिया', '', '', ''),
(75, 'श्री योगेन्द्र चौधरी ', '9857831218', 'yogencm31@gmail.com', 1, NULL, 1, 5, '', 'नेपाल', 'लुम्बिनी', 'दाङ', '', '', ''),
(76, 'श्री कल्पना चौधरी ', '9842035199', '', 1, NULL, 1, 5, '', 'नेपाल', 'कोशी', 'सुनसरी', '', '', ''),
(77, 'श्री यज्ञराज जोशी ', '9848725786', 'harijoshi295@gmail.com', 1, NULL, 1, 5, '', 'नेपाल', 'सुदुरपश्चिम ', 'कञ्चनपुर', '', '', ''),
(78, 'श्री किरणराज शर्मा पौडेल', '9851024333', 'baglunga@gmail.com', 1, NULL, 1, 5, '', 'नेपाल', 'गण्डकी', 'बाग्लुङ', '', '', ''),
(79, 'श्री रमा कोइराला (पौडेल)', '9841375499', 'ramapoudyal2019@gmail.com', 1, NULL, 1, 5, '', 'नेपाल', 'वागमती', 'भक्तपुर', '', '', ''),
(80, 'श्री कृष्णकिशोर घिमिरे', '9841554574', '', 1, NULL, 1, 5, '', 'नेपाल', 'लुम्बिनी', 'दाङ', '', '', ''),
(81, 'श्री धु्रव वाग्ले', '9856060488', 'dhruba2018@gmail.com', 1, NULL, 1, 5, '', 'नेपाल', 'गण्डकी', 'तनहुँ', '', '', ''),
(82, 'श्री टेकप्रसाद गुरुङ', '9855056965', '', 1, NULL, 1, 5, '', 'नेपाल', 'वागमती', 'चितवन', '', '', ''),
(83, 'श्री महेन्द्रकुमार राय', '9844031907', 'roymahendra55@gmail.com', 1, NULL, 1, 5, '', 'नेपाल', 'मधेश', 'महोत्तरी', '', '', ''),
(84, 'श्री गेहेन्द्र गिरी', '9857820251', 'gehendragiri834@gmail.com', 1, NULL, 1, 5, '', 'नेपाल', 'लुम्बिनी', 'दाङ', '', '', ''),
(85, 'श्री नारायणबहादुर कार्की', '9851246946', '', 1, NULL, 1, 5, '', 'नेपाल', 'कोशी', 'उदयपुर', '', '', ''),
(86, 'श्री सञ्जयकुमार गौतम', '9858021123', 'sanjaya.bardiya@gmail.com', 1, NULL, 1, 5, '', 'नेपाल', 'लुम्बिनी', 'वर्दिया', '', '', ''),
(87, 'श्री तारामान गुरुङ', '9851043443', 'tmgmakalu@gmail.com', 1, NULL, 1, 5, '', 'नेपाल', 'कोशी', 'संखुवासभा', '', '', ''),
(88, 'श्री आङ्गेलु शेर्पा', '9851010160', 'anggelusherpa@gmail.com', 1, NULL, 1, 5, '', 'नेपाल', 'कोशी', 'सोलुखुम्बु', '', '', ''),
(89, 'श्री मधु आचार्य', '9851112067', 'madhuryacpta@gmail.com', 1, NULL, 1, 5, '', 'नेपाल', 'वागमती', 'काभ्रेपलाञ्चोक', '', '', ''),
(90, 'श्री दिनेशकुमार यादव', '9842822158', '', 1, NULL, 1, 5, '', 'नेपाल', 'मधेश', 'सप्तरी', '', '', ''),
(91, 'श्री मदनबहादुर अमात्य', '9851115219', 'madanamatya@gmail.com', 1, NULL, 1, 5, '', 'नेपाल', 'वागमती', 'ललितपुर', '', '', ''),
(92, 'श्री राजीव कोइराला', '9842048136', 'rajiwkoirala@gmail.com', 1, NULL, 1, 5, '', 'नेपाल', 'कोशी', 'सुनसरी', '', '', ''),
(93, 'श्री अब्दुल रज्जाक', '9847020786', '', 1, NULL, 1, 5, '', 'नेपाल', 'कोशी', 'रुपन्देही', '', '', ''),
(94, 'श्री टेकबहादुर गुरुङ', '9802006789', '', 1, NULL, 1, 5, '', 'नेपाल', 'गण्डकी', 'मनाङ', '', '', ''),
(95, 'श्री प्रदीपकुमार सुनुवार', '9851197900', '', 1, NULL, 1, 5, '', 'नेपाल', 'कोशी', 'ओखलढुंगा', '', '', ''),
(96, 'श्री चन्द्रबहादुर के.सी.', '9841436488', 'kalpanakc205@gmail.com', 1, NULL, 1, 5, '', 'नेपाल', 'लुम्बिनी', 'गुल्मी', '', '', ''),
(97, 'श्री मानबहादुर नेपाली ', '9851175395', '', 1, NULL, 1, 5, '', 'नेपाल', 'कर्णाली', 'रुकुम(पश्चिम)', '', '', ''),
(98, 'डा. आरजु राणा देउवा', '9862566840', 'piyushrl26@gmail.com', 1, NULL, 1, 5, '', 'नेपाल', 'सुदुरपश्चिम ', 'डडेल्धुरा', '', '', ''),
(99, 'श्री उमेशजंग रायमाझी', '9851016258', 'umeshjung58@gmail.com', 1, NULL, 1, 5, '', 'नेपाल', 'कोशी', 'भोजपुर', '', '', ''),
(100, 'श्री अब्दुल सत्तार', '9851285786', 'abdulsattar631@gmail.com', 1, NULL, 1, 5, '', 'नेपाल', 'गण्डकी', 'गोरखा', '', '', ''),
(101, 'श्री उदयशम्शेर राणा', '9851061424', 'udayasjbrana70@gmail.com', 1, NULL, 1, 5, '', 'नेपाल', 'वागमती', 'ललितपुर', '', '', ''),
(102, 'श्री जीतजंग बस्नेत', '9851087937', 'jitjungbasnet@yahoo.com', 1, NULL, 1, 5, '', 'नेपाल', 'वागमती', 'ललितपुर', '', '', ''),
(103, 'श्री नैनसिंह महर', '9841285624', 'nainsingnsu@gmail.com', 1, NULL, 1, 5, '', 'नेपाल', 'सुदुरपश्चिम ', 'डडेल्धुरा', '', '', ''),
(104, 'श्री राजीव ढुंगाना', '9841256932', '', 1, NULL, 1, 5, '', 'नेपाल', 'कोशी', 'सुनसरी', '', '', ''),
(105, 'श्री गोविन्दबहादुर शाह', '9851087499', 'shahgovind7@gmail.com', 1, NULL, 1, 5, '', 'नेपाल', 'सुदुरपश्चिम ', 'अछाम', '', '', ''),
(106, 'श्री राजेन्द्रकुमार के.सी.', '9851085709', '', 1, NULL, 1, 5, '', 'नेपाल', 'वागमती', 'काठमाडौं', '', '', ''),
(107, 'डा. रणबहादुर रावल', '9851092461', 'rbrawal123@hotmail.com', 1, NULL, 1, 5, '', 'नेपाल', 'सुदुरपश्चिम ', 'कैलाली', '', '', ''),
(108, 'श्री अर्जुनजंगबहादुर सिंह', '9841188211', '', 1, NULL, 1, 5, '', 'नेपाल', 'सुदुरपश्चिम ', 'बझाङ', '', '', ''),
(109, 'श्री दिलमान पाख्रिन ', '9851147005', 'dilpakhrin8@hotmail.com', 1, NULL, 1, 5, '', 'नेपाल', 'वागमती', 'धादिङ', '', '', ''),
(110, 'श्री महेन्द्र कुमारी लिम्बू', '9852683324', '', 1, NULL, 1, 5, '', 'नेपाल', 'मधेश', 'झापा', '', '', ''),
(111, 'श्री रामहरि खतिवडा', '9851021798', 'ramhari2027@gmail.com', 1, NULL, 1, 5, '', 'नेपाल', 'कोशी', 'ओखलढुंगा', '', '', ''),
(112, 'श्री उमेश श्रेष्ठ', '9851020026', '', 1, NULL, 1, 5, '', 'नेपाल', 'वागमती', 'चितवन', '', '', ''),
(113, 'श्री राजीवबिक्रम शाह', '9851023335', 'rjv.shh@gmail.com', 1, NULL, 1, 5, '', 'नेपाल', 'कर्णाली', 'जाजरकोट', '', '', ''),
(114, 'श्री विनोदकुमार चौधरी', '9802021000', 'bkc.secretariat@gmail.com', 1, NULL, 1, 5, '', 'नेपाल', 'गण्डकी', 'नवलपुर', '', '', ''),
(115, 'डा. चन्द्रमोहन यादव', '\n9851171334', 'cmyadav07@gmail.com', 1, NULL, 1, 5, '', 'नेपाल', 'मधेश', 'धनुषा', '', '', ''),
(116, 'श्री अञ्जनी श्रेष्ठ', '9855053948', 'anjanishr2076@gmail.com\nanjanisth300@gmail.com', 1, NULL, 1, 5, '', 'नेपाल', 'वागमती', 'चितवन', '', '', ''),
(117, 'श्री मैकुलाल वाल्मिकी', '\n9858029499', '', 1, NULL, 1, 5, '', 'नेपाल', 'लुम्बिनी', 'बाँके', '', '', ''),
(118, 'श्री सरस्वती बजिमय', '9851186172', 'sarbajimayo@gmail.com', 1, NULL, 1, 5, '', 'नेपाल', 'कोशी', 'खोटाङ', '', '', ''),
(119, 'श्री चम्पादेवी खड्का', '9857620010\n', 'champakhadka10@gmail.com', 1, NULL, 1, 5, '', 'नेपाल', 'गण्डकी', 'बाग्लुङ', '', '', ''),
(120, 'श्री प्रकाश रसाइली स्नेही ', '9851019618', 'prakashrsnehi18@gmail.com', 1, NULL, 1, 5, '', 'नेपाल', 'सुदुरपश्चिम ', 'बझाङ', '', '', ''),
(121, 'ई. मोहन आचार्य', '9802073755', 'paudyal.sunil1@gmail.com', 1, NULL, 1, 5, '', 'नेपाल', 'वागमती', 'रसुवा', '', '', ''),
(122, 'श्री मुक्ताकुमारी यादव', '9851167117', 'muktayadav601@gmail.com', 1, NULL, 1, 5, '', 'नेपाल', 'मधेश', 'धनुषा', '', '', ''),
(123, 'श्री रंगमती शाही', '9851119068', 'rangamati06@gmail.com', 1, NULL, 1, 5, '', 'नेपाल', 'कर्णाली', 'हुम्ला', '', '', ''),
(124, 'श्री मञ्जुकुमारी यादव', '9844030604', 'yadavmanju39075@gmail.com', 1, NULL, 1, 5, '', 'नेपाल', 'मधेश', 'महोत्तरी', '', '', ''),
(125, 'श्री सरस्वती अर्याल तिवारी', '9841368924', 'sarasowti123@gmail.com', 1, NULL, 1, 5, '', 'नेपाल', 'गण्डकी', 'स्याङ्जा', '', '', ''),
(126, 'श्री मञ्जु खाँण', '9841297159', 'santu2341@gmail.com', 1, NULL, 1, 5, '', 'नेपाल', 'मधेश', 'सिरहा', '', '', ''),
(127, 'श्री गुरु वराल', '9851017950', 'gurubaral22@gmail.com', 1, NULL, 1, 5, '', 'नेपाल', 'गण्डकी', 'कास्की', '', '', ''),
(128, 'श्री प्रतिमा गौतम', '9841236756', 'pratimagautam305@gmail.com', 1, NULL, 1, 5, '', 'नेपाल', 'वागमती', 'काठमाडौं', '', '', ''),
(129, 'श्री कुन्दनराज काफ्ले ', '9851079738', 'kundanrajkafle@gmail.com', 1, NULL, 1, 5, '', 'नेपाल', 'वागमती', 'दोलखा', '', '', ''),
(130, 'श्री जावेदा खातुन जागा', '9848130167', 'jabedakhatunjaga1@gmail.com', 1, NULL, 1, 5, '', 'नेपाल', 'लुम्बिनी', 'वर्दिया', '', '', ''),
(131, 'श्री हरिशरण नेपाली', '9851045254', 'nharisharan@gmail.com', 1, NULL, 1, 5, '', 'नेपाल', 'वागमती', 'काठमाडौं', '', '', ''),
(132, 'श्री जानकी सिंह', '9843698990', '', 1, NULL, 1, 5, '', 'नेपाल', 'कर्णाली', 'सुर्खेत', '', '', ''),
(133, 'प्रा. डा. गोविन्दराज पोखरेल', '9851100407', 'pokharelgr@gmail.com', 1, NULL, 1, 5, '', 'नेपाल', 'लुम्बिनी', 'प्यूठान', '', '', ''),
(134, 'श्री सुशिला मिश्र भट्ट', '9841883788', 'sushilamishrabhatta@gmail.com', 1, NULL, 1, 5, '', 'नेपाल', 'सुदुरपश्चिम ', 'कैलाली', '', '', ''),
(135, 'श्री नागिना यादव', '9841775607', 'isnagina@gmail.com', 1, NULL, 1, 5, '', 'नेपाल', 'मधेश', 'महोत्तरी', '', '', ''),
(136, 'श्री नानु बास्तोला', '9851098820', 'bastolananu@gmail.com', 1, NULL, 1, 5, '', 'नेपाल', 'वागमती', 'काठमाडौं', '', '', ''),
(137, 'श्री अजयवावु शिवाकोटी', '9851093693', 'ajayashiwakoti@gmail.com', 1, NULL, 1, 5, '', 'नेपाल', 'वागमती', 'दोलखा', '', '', ''),
(138, 'श्री मदनकृष्ण श्रेष्ठ', '9851001818', 'sht_madan@yahoo.com', 1, NULL, 1, 5, '', 'नेपाल', 'वागमती', 'भक्तपुर', '', '', ''),
(139, 'श्री भीम पराजुली', '9852022646', 'parajulibhim1@gmail.com', 1, NULL, 1, 5, '', 'नेपाल', 'मधेश', 'मोरङ', '', '', ''),
(140, 'श्री नृपबहादुर वड', '9858423074', '', 1, NULL, 1, 5, '', 'नेपाल', 'सुदुरपश्चिम ', 'कैलाली', '', '', ''),
(141, 'श्री कान्तिका सेजुवाल', '9848305222', 'kantikasejuwal2@gmail.com', 1, NULL, 1, 5, '', 'नेपाल', 'कर्णाली', 'जुम्ला', '', '', ''),
(142, 'श्री गंगालक्ष्मी अवाल', '9841241747', 'gangawal@gmail.com', 1, NULL, 1, 5, '', 'नेपाल', 'वागमती', 'भक्तपुर', '', '', ''),
(143, 'श्री दिनेश कोइराला', '9851073890', 'dinkoirala19@gmail.com', 1, NULL, 1, 5, '', 'नेपाल', 'वागमती', 'चितवन', '', '', ''),
(144, 'श्री उर्मिला नेपाल के.सी.', '9851043475', 'balkc011@gmail.com', 1, NULL, 1, 5, '', 'नेपाल', 'वागमती', 'ललितपुर', '', '', ''),
(145, 'श्री सुशीला थिङ', '9854041999', 'sushilasindhuli180@gmail.com', 1, NULL, 1, 5, '', 'नेपाल', 'वागमती', 'सिन्धुली', '', '', ''),
(146, 'श्री माया राई', '9842261645', 'raimaya645@gmail.com', 1, NULL, 1, 5, '', 'नेपाल', 'कोशी', 'भोजपुर', '', '', ''),
(147, 'श्री सीताकुमारी राना', '9858050705', 'sita.rana@sosec.org.np\nsitakumarirana022@gmail.com', 1, NULL, 1, 5, '', 'नेपाल', 'कर्णाली', 'दैलेख', '', '', ''),
(148, 'श्री सुशीला ढकाल (आचार्य)', '9852671425', 'rd102k17@gmail.com', 1, NULL, 1, 5, '', 'नेपाल', 'कोशी', 'झापा', '', '', ''),
(149, 'श्री गणेश लामा', '9851026686', '', 1, NULL, 1, 5, '', 'नेपाल', 'वागमती', 'काभ्रेपलाञ्चोक', '', '', ''),
(150, 'श्री रूपा वि.क.', '9851056959', 'rupabk303@gmail.com', 1, NULL, 1, 5, '', 'नेपाल', 'लुम्बिनी', 'कपिलवस्तु', '', '', ''),
(151, 'श्री विद्यादेवी तिमिल्सीना', '9841710365', '', 1, NULL, 1, 5, '', 'नेपाल', 'कर्णाली', 'बाजुरा', '', '', ''),
(152, 'श्री शान्ति परियार वि.क.', '9855053880', 'pariyarnc@gmail.com', 1, NULL, 1, 5, '', 'नेपाल', 'वागमती', 'चितवन', '', '', ''),
(153, 'श्री जीवन राना', '9848421347', 'jeevan.ranatharu@gmail.com', 1, NULL, 1, 5, '', 'नेपाल', 'सुदुरपश्चिम ', 'कैलाली', '', '', ''),
(154, 'श्री भरतकुमार शाह', '\n9857022484', 'bharatkumarshah2041@gmail.com', 1, NULL, 1, 5, '', 'नेपाल', 'लुम्बिनी', 'रुपन्देही', '', '', ''),
(155, 'श्री राधा घले', '9851001565', 'radha.ghale7@gmail.com', 1, NULL, 1, 5, '', 'नेपाल', 'वागमती', 'काठमाडौं', '', '', ''),
(156, 'श्री रुक्मिणी कोइराला', '9852022556', 'rukukoirala@hotmail.com', 1, NULL, 1, 5, '', 'नेपाल', 'कोशी', 'मोरङ', '', '', ''),
(157, 'श्री धना खतिवडा', '9851141638', 'dhanakhatiwada@gmail.com', 1, NULL, 1, 5, '', 'नेपाल', 'वागमती', 'ललितपुर', '', '', ''),
(158, 'श्री सीता थपलिया (उर्मिला)', '9851024816', 'urmilathapaliya@gmail.com', 1, NULL, 1, 5, '', 'नेपाल', 'वागमती', 'धादिङ', '', '', ''),
(159, 'श्री कल्याणी रिजाल', '9841511782', '', 1, NULL, 1, 5, '', 'नेपाल', 'वागमती', 'काठमाडौं', '', '', ''),
(160, 'श्री गोमाकुमारी भट्टराई', '9842637600', 'gomabhattarai368@gmail.com', 1, NULL, 1, 5, '', 'नेपाल', 'कोशी', 'झापा', '', '', ''),
(161, 'श्री लक्ष्मी खतिवडा', '9851101104', 'laxmipanbari@gmail.com', 1, NULL, 1, 5, '', 'नेपाल', 'कोशी', 'सुनसरी', '', '', ''),
(162, 'श्री गंगा शाही', '9857022496', 'shahiganga300@gmail.com', 1, NULL, 1, 5, '', 'नेपाल', 'लुम्बिनी', 'रुपन्देही', '', '', ''),
(163, 'श्री सितादेवी देवकोटा', '9851043604', 'sitadevkotapandey@gmail.com', 1, NULL, 1, 5, '', 'नेपाल', 'गण्डकी', 'नवलपुर', '', '', ''),
(164, 'श्री शारदा पौडेल', '9846066105', 'shardapoudel01@gmail.com', 1, NULL, 1, 5, '', 'नेपाल', 'गण्डकी', 'कास्की', '', '', ''),
(165, 'श्री अनिलकुमार रुंगटा', '9855021335', 'jeplanil@gmail.com', 1, NULL, 1, 5, '', 'नेपाल', 'मधेश', 'पर्सा', '', '', ''),
(166, 'श्री नारायणी रायमाझी', '9845036393', 'niruraymajhi26@gmail.com', 1, NULL, 1, 6, '', 'नेपाल', 'मधेश', 'बारा', '', '', ''),
(167, 'श्री दिपक खड्का', '9851053919', '', 1, NULL, 1, 6, '', 'नेपाल', 'कोशी', 'संखुवासभा', '', '', ''),
(168, 'श्री उद्धव थापा', '9852672745', 'uddhavthapa8@gmail.com', 1, NULL, 1, 6, 'कोशी प्रदेश ', 'नेपाल', 'कोशी', 'झापा', '', '', ''),
(169, 'श्री कृष्णप्रसाद यादव', '9851086835', 'krishnayadavky2050@gmail.com', 1, NULL, 1, 6, 'मधेश प्रदेश', 'नेपाल', 'मधेश', 'रौतहट', '', '', ''),
(170, 'श्री ईन्द्रबहादुर बानियाँ', '9855068181', 'indrabaniya753@gmail.com', 1, NULL, 1, 6, 'बागमती प्रदेश', 'नेपाल', 'वागमती', 'मकवानपुर', '', '', ''),
(171, 'श्री शुक्रराज शर्मा', '9851100476', '', 1, NULL, 1, 6, 'गण्डकी प्रदेश', 'नेपाल', 'गण्डकी', 'कास्की', '', '', ''),
(172, 'श्री अमरसिंह पुन', '9851013444', 'amarpun627@gmail.com', 1, NULL, 1, 6, 'लुम्बिनी प्रदेश', 'नेपाल', 'लुम्बिनी', 'रोल्पा', '', '', ''),
(173, 'श्री ललितजंग शाही', '9851085184', 'lalitjungshahi803@gmail.com', 1, NULL, 1, 6, 'कर्णाली प्रदेश', 'नेपाल', 'कर्णाली', 'जुम्ला', '', '', ''),
(174, 'श्री बीरबहादुर बलायर', '9851083566', 'bbbalayar@gmail.com', 1, NULL, 1, 6, 'सुदूरपश्चिम प्रदेश', 'नेपाल', 'सुदुरपश्चिम ', 'डोटी', '', '', ''),
(175, 'श्री शेरबहादुर देउवा', '9851087288', 'piyushrl26@gmail.com', 2, NULL, 1, 1, '', 'नेपाल', 'सुदुरपश्चिम', 'डडेल्धुरा', '', '', ''),
(176, 'श्री पूर्णबहादुर खड्का', '9851085749', 'purnakhadka.skt@gmail.com', 2, NULL, 1, 2, '', 'नेपाल', 'कर्णाली', 'सुर्खेत', '', '', ''),
(177, 'श्री धनराज गुरूङ', '9851069204', 'dhanraj.grg2022@gmail.com', 2, NULL, 1, 2, '', 'नेपाल', 'गण्डकी', 'स्याङ्जा', '', '', ''),
(178, 'श्री गगनकुमार थापा', '9851067214\n', 'thapagk@gmail.com', 2, NULL, 1, 3, '', 'नेपाल', 'वागमती', 'काठमाडौं', '', '', ''),
(179, 'श्री विश्वप्रकाश शर्मा', '9841329990', 'bishwap77@gmail.com', 2, NULL, 1, 3, '', 'नेपाल', 'कोशी', 'झापा', '', '', ''),
(180, 'श्री फरमुल्लाह मंसुर', '9851010155', '', 2, NULL, 1, 4, '', 'नेपाल', 'मदेश', 'बारा', '', '', ''),
(181, 'श्री उमाकान्त चौधरी', '9851111667', 'umakantchaudhary2020@gmail.com', 2, NULL, 1, 4, '', 'नेपाल', 'मदेश', 'बारा', '', '', ''),
(182, 'श्री  महालक्ष्मी उपाध्याय ‘डिना’', '9851064899', 'udinaa@hotmail.com', 2, NULL, 1, 4, '', 'नेपाल', 'वागमती', 'मकवानपुर', '', '', ''),
(183, 'श्री भीष्मराज आङ्दम्वे', '9841468545', 'vishmalimbu@gmail.com', 2, NULL, 1, 4, '', 'नेपाल', 'कोशी', 'पाँचथर', '', '', ''),
(184, 'श्री महेन्द्र यादव', '9851108446', 'mahendradd@hotmail.com', 2, NULL, 1, 4, '', 'नेपाल', 'मदेश', 'धनुषा', '', '', ''),
(185, 'श्री किशोरसिंह राठौर', '9851027666', '', 2, NULL, 1, 4, '', 'नेपाल', 'गण्डकी', 'वर्दिया', '', '', ''),
(186, 'श्री बद्री पाण्डे', '9851098488', 'pandeybadri1@gmail.com', 2, NULL, 1, 4, '', 'नेपाल', 'कर्णाली', 'बाजुरा', '', '', ''),
(187, 'श्री जीवन परियार', '9851063729', 'pariyarjeevanadv@gmail.com', 2, NULL, 1, 4, '', 'नेपाल', 'गण्डकी', 'कास्की', '', '', ''),
(188, 'श्री गोपालमान श्रेष्ठ', '9851042333', 'gopalman.sth@gmail.com', 2, NULL, 1, 5, '', 'नेपाल', 'गण्डकी', 'स्याङ्जा', '', '', ''),
(189, 'श्री प्रकाशमान सिंह', '9851023764', 'pmcbari@gmail.com', 2, NULL, 1, 5, '', 'नेपाल', 'वागमती', 'काठमाडौं', '', '', ''),
(190, 'श्री विमलेन्द्र निधि', '9851016554', 'nidhi_bimal@hotmail.com', 2, NULL, 1, 5, '', 'नेपाल', 'मदेश', 'धनुषा', '', '', ''),
(191, 'श्री विजयकुमार गच्छदार', '9851033450', '', 2, NULL, 1, 5, '', 'नेपाल', 'कोशी', 'सुनसरी', '', '', ''),
(192, 'श्री कृष्णप्रसाद सिटौला', '9851109796', 'sitaulakrishnaprasad@gmail.com', 2, NULL, 1, 5, '', 'नेपाल', 'कोशी', 'झापा', '', '', ''),
(193, 'डा. शशांक कोइराला', '9851089833', 'koirala.shashank@gmail.com', 2, NULL, 1, 5, '', 'नेपाल', 'गण्डकी', 'नवलपुर', '', '', ''),
(194, 'श्री. चित्रलेखा यादव', '9851198985', 'yadavchitralekha@yahoo.com', 2, NULL, 1, 5, '', 'नेपाल', 'मदेश', 'सिरहा', '', '', ''),
(195, 'डा. रामशरण महत', '9801042466', 'ramsmahat@gmail.com', 2, NULL, 1, 5, '', 'नेपाल', 'वागमती', 'नुवाकोट', '', '', ''),
(196, 'श्री अर्जुननरसिंह के.सी. ', '9851032405', 'arjunnkc@gmail.com', 2, NULL, 1, 5, '', 'नेपाल', 'वागमती', 'नुवाकोट', '', '', ''),
(197, 'डा. प्रकाशशरण महत', '9851035759', 'psmahat@gmail.com', 2, NULL, 1, 7, '', 'नेपाल', 'मदेश', 'नुवाकोट', '', '', ''),
(198, 'श्री सुनिलबहादुर थापा', '9851048666', '', 2, NULL, 1, 5, '', 'नेपाल', 'कोशी', 'धनकुटा', '', '', ''),
(199, 'डा. शेखर कोइराला', '9851055411', 'koiralashekhar@gmail.com', 2, NULL, 1, 5, '', 'नेपाल', 'कोशी', 'मोरङ', '', '', ''),
(200, 'श्री बलबहादुर के.सी.', '9851014499', '', 2, NULL, 1, 5, '', 'नेपाल', 'कोशी', 'सोलुखुम्बु', '', '', ''),
(201, 'श्री बालकृष्ण खाँण', '9851023599', 'khandbk@gmail.com', 2, NULL, 1, 5, '', 'नेपाल', 'लुम्बिनी', 'रुपन्देही', '', '', ''),
(202, 'श्री ज्ञानेन्द्रबहादुर कार्की', '9851014940', 'gyanendrabahadurkarki@gmail.com', 2, NULL, 1, 5, '', 'नेपाल', 'कोशी', 'सुनसरी', '', '', ''),
(203, 'श्री रमेश रिजाल', '9851031355', 'mashihani7@gmail.com', 2, NULL, 1, 5, '', 'नेपाल', 'मदेश', 'पर्सा', '', '', ''),
(204, 'डा. नारायण खड्का', '9851076710', 'nkhadka_ktm@hotmail.com', 2, NULL, 1, 5, '', 'नेपाल', 'कोशी', 'उदयपुर', '', '', ''),
(205, 'श्री उमा रेग्मी', '9851086892', '', 2, NULL, 1, 5, '', 'नेपाल', 'वागमती', 'चितवन', '', '', ''),
(206, 'श्री जीपछिरिङ लामा', '9851023944', '', 2, NULL, 1, 5, '', 'नेपाल', 'वागमती', 'दोलखा', '', '', ''),
(207, 'श्री सुजाता कोइराला', '9843279980', 'koiralasujata@yahoo.com', 2, NULL, 1, 5, '', 'नेपाल', 'कोशी', 'सुनसरी', '', '', ''),
(208, 'श्री एन.पी. साउद', '9851187912', 'npsauda@gmail.com', 2, NULL, 1, 5, '', 'नेपाल', 'सुदुरपश्चिम', 'कञ्चनपुर', '', '', ''),
(209, 'श्री जीवनबहादुर शाही', '9851042576', 'jiwanshahi@yahoo.com', 2, NULL, 1, 5, '', 'नेपाल', 'कर्णाली', 'हुम्ला', '', '', ''),
(210, 'श्री आनन्दप्रसाद ढुंगाना', '\n9851166605', 'ncapdhungana@yahoo.com', 2, NULL, 1, 5, '', 'नेपाल', 'मदेश', 'धनुषा', '', '', ''),
(211, 'श्री रमेश लेखक', '9851180333', 'rlekhak54@gmail.com', 2, NULL, 1, 5, '', 'नेपाल', 'सुदुरपश्चिम', 'कञ्चनपुर', '', '', ''),
(212, 'श्री पूर्णबहादुर खड्का', '9851085749', 'purnakhadka649@gmail.com', 1, 1, 1, 2, NULL, 'नेपाल', 'कर्णाली', 'सुर्खेत', NULL, NULL, NULL),
(213, 'डा सुरेश आचार्य', '9851056560', NULL, 1, 1, 1, 8, NULL, 'नेपाल', 'वागमती', 'सिन्धुली', NULL, NULL, NULL),
(214, 'सुरेश सिभाक लिम्वु', '9842660318', '', 3, NULL, 4, 1, '', 'नेपाल', 'कोशी', 'ताप्लेजुङ', 'फुङलिङ न.पा.', '', ''),
(215, 'विश्वनाथ सिटौला', '9844633763', '', 3, NULL, 4, 1, '', 'नेपाल', 'कोशी', 'ताप्लेजुङ', 'आठराई त्रिवेणी गा.पा.', '', ''),
(216, 'प्रदिपकुमार राई', '9852681438', '', 3, NULL, 4, 1, '', 'नेपाल', 'कोशी', 'ताप्लेजुङ', 'सिदिङवा गा.पा.', '', ''),
(217, 'पंचप्रसाद थलुङ्ग', '9842664120', '', 3, NULL, 4, 1, '', 'नेपाल', 'कोशी', 'ताप्लेजुङ', 'मिक्वाखोला गा.पा.', '', ''),
(218, 'जयबहादुर खड्का', '9862303521', '', 3, NULL, 4, 1, '', 'नेपाल', 'कोशी', 'ताप्लेजुङ', 'मेरिङदेन गा.पा.', '', ''),
(219, 'खगेन्द्र थुक्लुङ्ग', '9862607977', '', 3, NULL, 4, 1, '', 'नेपाल', 'कोशी', 'ताप्लेजुङ', 'मैवाखोला गा.पा.', '', ''),
(220, 'रामकुमार थेवे', '9851030943', '', 3, NULL, 4, 1, '', 'नेपाल', 'कोशी', 'ताप्लेजुङ', 'पाथीवरा याङवरक गा.पा.', '', ''),
(221, 'लालकृष्ण चौहान', '9842660656', '', 3, NULL, 4, 1, '', 'नेपाल', 'कोशी', 'ताप्लेजुङ', 'सिरीजङ्गा गा.पा.', '', ''),
(222, 'प्रकास गुरुङ', '9844620456', '', 3, NULL, 4, 1, '', 'नेपाल', 'कोशी', 'पाँचथर', 'फिदिम न.पा.', '', ''),
(223, 'विर बिक्रम थम्सुहाङ', '9815026482', '', 3, NULL, 4, 1, '', 'नेपाल', 'कोशी', 'पाँचथर', 'फालेलुङ गा.पा.', '', ''),
(224, 'सुखवीर नेम्वाङ', '9844655852', '', 3, NULL, 4, 1, '', 'नेपाल', 'कोशी', 'पाँचथर', 'फाल्गुनन्द गा.पा.', '', ''),
(225, 'सन्तोष लिङदेन', '9844669962', '', 3, NULL, 4, 1, '', 'नेपाल', 'कोशी', 'पाँचथर', 'हिलिहाङ गा.पा.', '', ''),
(226, 'दुर्गा बम्जन', '9862608130', '', 3, NULL, 4, 1, '', 'नेपाल', 'कोशी', 'पाँचथर', 'कुम्मायक गा.पा.', '', ''),
(227, 'सन्तोष शेर्मा', '9815001955', '', 3, NULL, 4, 1, '', 'नेपाल', 'कोशी', 'पाँचथर', 'मिक्लाजुङ गा.पा.', '', ''),
(228, 'बाबुराम खड्का', '9815983111', '', 3, NULL, 4, 1, '', 'नेपाल', 'कोशी', 'पाँचथर', 'तुम्वेवा गा.पा.', '', ''),
(229, 'शेर ब. नुगु', '9844646381', '', 3, NULL, 4, 1, '', 'नेपाल', 'कोशी', 'पाँचथर', 'याङवरक गा.पा.', '', ''),
(230, 'तिर्थ गुरुङ', '9824915588', '', 3, NULL, 4, 1, '', 'नेपाल', 'कोशी', 'ईलाम', 'ईलाम न.पा.', '', ''),
(231, 'दिलपि कार्की', '9852681892', '', 3, NULL, 4, 1, '', 'नेपाल', 'कोशी', 'ईलाम', 'देउमाई न.पा.', '', ''),
(232, 'होम बे लिम्बु', '9817975355', '', 3, NULL, 4, 1, '', 'नेपाल', 'कोशी', 'ईलाम', 'माई न.पा.', '', ''),
(233, 'जीवन कुमार नेपाल', '9842649252', '', 3, NULL, 4, 1, '', 'नेपाल', 'कोशी', 'ईलाम', 'सूर्योदय न.पा.', '', ''),
(234, 'डिक ब. थापा', '9816988782', '', 3, NULL, 4, 1, '', 'नेपाल', 'कोशी', 'ईलाम', 'फाकफोकगुम गा.पा.', '', ''),
(235, 'राजेन्द्र केरुङ', '9863714108', '', 3, NULL, 4, 1, '', 'नेपाल', 'कोशी', 'ईलाम', 'चुलाचुली गा.पा.', '', ''),
(236, 'राजेश देवान', '9847262550', '', 3, NULL, 4, 1, '', 'नेपाल', 'कोशी', 'ईलाम', 'माईजोगमाई गा.पा.', '', ''),
(237, 'चन्द्र सावा', '9864019345', '', 3, NULL, 4, 1, '', 'नेपाल', 'कोशी', 'ईलाम', 'माङसेबुङ गा.पा.', '', ''),
(238, 'हरि ब. बुढाथोकी', '9852681736', '', 3, NULL, 4, 1, '', 'नेपाल', 'कोशी', 'ईलाम', 'रोङ गा.पा.', '', ''),
(239, 'तुलाराम गुरुङ', '9815956802', '', 3, NULL, 4, 1, '', 'नेपाल', 'कोशी', 'ईलाम', 'सन्दकपुर गा.पा.', '', ''),
(240, 'सुदय पनेरु', '9852678630', '', 3, NULL, 4, 1, '', 'नेपाल', 'कोशी', 'झापा', 'मेचीनगर न.पा.', '', ''),
(241, 'प्रकाश प्रसाई', '9852670084', '', 3, NULL, 4, 1, '', 'नेपाल', 'कोशी', 'झापा', 'दमक न.पा.', '', ''),
(242, 'दुर्गा प्रसाई', '9824010301', '', 3, NULL, 4, 1, '', 'नेपाल', 'कोशी', 'झापा', 'कन्काई न.पा.', '', ''),
(243, 'रामबहादुर कडेल', '9804931552', '', 3, NULL, 4, 1, '', 'नेपाल', 'कोशी', 'झापा', 'भद्रपुर न.पा.', '', ''),
(244, 'हेमराज खरेल', '9842639207', '', 3, NULL, 4, 1, '', 'नेपाल', 'कोशी', 'झापा', 'अर्जुनधारा न.पा.', '', ''),
(245, 'अशोक वस्नेत', '9842690526', '', 3, NULL, 4, 1, '', 'नेपाल', 'कोशी', 'झापा', 'शिवसताक्षी न.पा.', '', ''),
(246, 'गोपाल कोइराला', '9842644860', '', 3, NULL, 4, 1, '', 'नेपाल', 'कोशी', 'झापा', 'गौरादह न.पा.', '', ''),
(247, 'भोजराज सिटौला', '9842659517', '', 3, NULL, 4, 1, '', 'नेपाल', 'कोशी', 'झापा', 'विर्तामोड न.पा.', '', ''),
(248, 'वुद्धिराज न्यौपाने', '9852676396', '', 3, NULL, 4, 1, '', 'नेपाल', 'कोशी', 'झापा', 'कमल गा.पा.', '', ''),
(249, 'अर्जुनप्रसाद राजवंशी', '9804914337', '', 3, NULL, 4, 1, '', 'नेपाल', 'कोशी', 'झापा', 'गौरिगंज गा.पा.', '', ''),
(250, 'इन्द्र वस्नेत', '9806046276', '', 3, NULL, 4, 1, '', 'नेपाल', 'कोशी', 'झापा', 'बाह्रदशी गा.पा.', '', ''),
(251, 'सागिरथ गणेश', '9804914337', '', 3, NULL, 4, 1, '', 'नेपाल', 'कोशी', 'झापा', 'झापा गा.पा.', '', ''),
(252, 'चक्र शर्मा', '9801022870', '', 3, NULL, 4, 1, '', 'नेपाल', 'कोशी', 'झापा', 'बुद्धशान्ति गा.पा.', '', ''),
(253, 'गंगाप्रसाद प्रसाई', '9842657317', '', 3, NULL, 4, 1, '', 'नेपाल', 'कोशी', 'झापा', 'हल्दीबारी गा.पा.', '', ''),
(254, 'तुलाराम अधिकारी', '9806046403', '', 3, NULL, 4, 1, '', 'नेपाल', 'कोशी', 'झापा', 'कचनकवल गा.पा.', '', ''),
(255, 'दिपक चापागाई ', '9852024917', '', 3, NULL, 4, 1, '', 'नेपाल', 'कोशी', 'मोरङ', 'बिराटनगर म.न.पा.', '', ''),
(256, 'दिपक चन्द्र राई ', '9842252616', '', 3, NULL, 4, 1, '', 'नेपाल', 'कोशी', 'मोरङ', 'लेटाङ.न.पा.', '', ''),
(257, 'सुरेन्द्र लिम्बु ', '9852030519', '', 3, NULL, 4, 1, '', 'नेपाल', 'कोशी', 'मोरङ', 'उर्लाबारी न.पा. ', '', ''),
(258, 'रुपनारायण भट्राई ', '9852676888', '', 3, NULL, 4, 1, '', 'नेपाल', 'कोशी', 'मोरङ', 'पथरीशनिश्चरे न.पा.', '', ''),
(259, 'छत्र ल्म्बिु ', '9803532692', '', 3, NULL, 4, 1, '', 'नेपाल', 'कोशी', 'मोरङ', 'बेलबारी न.पा. ', '', ''),
(260, 'भत्ति प्रसाद सिटौला ', '9842020592', '', 3, NULL, 4, 1, '', 'नेपाल', 'कोशी', 'मोरङ', 'सुन्दरहरैचा न.पा ', '', ''),
(261, 'पोष्ट बहाद्र बस्नेत ', '9842048845', '', 3, NULL, 4, 1, '', 'नेपाल', 'कोशी', 'मोरङ', 'चतुवामाई न.पा. ', '', ''),
(262, 'जगनारायण मण्डल ', '9842085062', '', 3, NULL, 4, 1, '', 'नेपाल', 'कोशी', 'मोरङ', 'रंगेलि न.पा.', '', ''),
(263, 'कमल किशोर सिंह ', '9842048345', '', 3, NULL, 4, 1, '', 'नेपाल', 'कोशी', 'मोरङ', 'सुनबर्सा न. पा.', '', ''),
(264, 'ववि कुमार राई', '9801400379', '', 3, NULL, 4, 1, '', 'नेपाल', 'कोशी', 'मोरङ', 'मिक्लाजुङ गा.पा.', '', ''),
(265, 'प्रकास बस्नेत ', '9852041610', '', 3, NULL, 4, 1, '', 'नेपाल', 'कोशी', 'मोरङ', 'केराबारी गा.पा. ', '', ''),
(266, 'योगेन्द्र प्रसाद दाहाल ', '9842190331', '', 3, NULL, 4, 1, '', 'नेपाल', 'कोशी', 'मोरङ', 'कानेपोखी गा.पा. ', '', ''),
(267, 'किरण विश्वास ', '9842249144', '', 3, NULL, 4, 1, '', 'नेपाल', 'कोशी', 'मोरङ', 'ग्रामथान गा.पा.', '', ''),
(268, 'राम कुमार कामत', '9852023353', '', 3, NULL, 4, 1, '', 'नेपाल', 'कोशी', 'मोरङ', 'कटहर्री गा.पा.', '', ''),
(269, 'जितनारायण थापामगर ', '9852026881', '', 3, NULL, 4, 1, '', 'नेपाल', 'कोशी', 'मोरङ', 'बुढिगंगा गा.पा.', '', ''),
(270, 'दीपक विर पाण्डे ', '9842093691', '', 3, NULL, 4, 1, '', 'नेपाल', 'कोशी', 'मोरङ', 'धनपालथान गा.पा.', '', ''),
(271, 'महेन्द्र प्रसाद मण्डल ', '9807399074', '', 3, NULL, 4, 1, '', 'नेपाल', 'कोशी', 'मोरङ', 'जहदा गा.पा.', '', ''),
(272, 'हेमकर्ण पौडेल', '9852048688', '', 3, NULL, 4, 1, '', 'नेपाल', 'कोशी', 'सुनसरी', 'ईटहरी उ.न.पा.', '', ''),
(273, 'श्यम पोखरेल', '9852053971', '', 3, NULL, 4, 1, '', 'नेपाल', 'कोशी', 'सुनसरी', 'धरान उ.न.पा.', '', ''),
(274, 'राजन मेहता', '9842057683', '', 3, NULL, 4, 1, '', 'नेपाल', 'कोशी', 'सुनसरी', 'इनरुवा न.पा.', '', ''),
(275, 'बेदनारायण गच्छदार', '9852040230', '', 3, NULL, 4, 1, '', 'नेपाल', 'कोशी', 'सुनसरी', 'दुहबी न.पा.', '', ''),
(276, 'सुदिप अधिकारी', '9852048538', '', 3, NULL, 4, 1, '', 'नेपाल', 'कोशी', 'सुनसरी', 'रामधुनी न.पा.', '', ''),
(277, 'रमेश कार्की', '9852059297', '', 3, NULL, 4, 1, '', 'नेपाल', 'कोशी', 'सुनसरी', 'बराह न.पा.', '', ''),
(278, 'जगन्धर यादव', '9807327001', '', 3, NULL, 4, 1, '', 'नेपाल', 'कोशी', 'सुनसरी', 'देवानगञ्ज गा.पा.', '', ''),
(279, 'सुलेमान मन्सुरी', '9852054068', '', 3, NULL, 4, 1, '', 'नेपाल', 'कोशी', 'सुनसरी', 'कोशी गा.पा.', '', ''),
(280, 'कमलनारायण चौधरी', '9811314885', '', 3, NULL, 4, 1, '', 'नेपाल', 'कोशी', 'सुनसरी', 'गढी गा.पा.', '', ''),
(281, 'कृष्ण प्रसाद संगौला', '9802730119', '', 3, NULL, 4, 1, '', 'नेपाल', 'कोशी', 'सुनसरी', 'बर्जु गा.पा.', '', ''),
(282, 'युवराज दईल', '9852041731', '', 3, NULL, 4, 1, '', 'नेपाल', 'कोशी', 'सुनसरी', 'भोक्राहा गा.पा.', '', ''),
(283, 'नुनु अन्सारी', '9852026286', '', 3, NULL, 4, 1, '', 'नेपाल', 'कोशी', 'सुनसरी', 'हरिनगर गा.पा.', '', ''),
(284, 'प्रेम भण्डारी', '9816332169', '', 3, NULL, 4, 1, '', 'नेपाल', 'कोशी', 'धनकुृटा', 'पाख्रिबास न.पा.', '', ''),
(285, 'नरेश श्रेष्ठ', '9842258393', '', 3, NULL, 4, 1, '', 'नेपाल', 'कोशी', 'धनकुृटा', 'धनकुटा न.पा.', '', ''),
(286, 'ध्रुवराज रायमाझी', '9852070548', '', 3, NULL, 4, 1, '', 'नेपाल', 'कोशी', 'धनकुृटा', 'महालक्ष्मी न.पा.', '', ''),
(287, 'नेपालधन राई', '9852168210', '', 3, NULL, 4, 1, '', 'नेपाल', 'कोशी', 'धनकुृटा', 'साँगुरीगढी गा.पा.', '', ''),
(288, 'दिपेश राई', '9842078525', '', 3, NULL, 4, 1, '', 'नेपाल', 'कोशी', 'धनकुृटा', 'खाल्सा छिन्ताङ सहीदभूमि गा.पा.', '', ''),
(289, 'छत्रबहादुर सुव्वा', '9840776132', '', 3, NULL, 4, 1, '', 'नेपाल', 'कोशी', 'धनकुृटा', 'छथर जोरपाटी गा.पा.', '', ''),
(290, 'गुणराज राई (विजु)', '9862226577', '', 3, NULL, 4, 1, '', 'नेपाल', 'कोशी', 'धनकुृटा', 'चौबिसे गा.पा.', '', ''),
(291, 'होम खड्का', '9842091266', '', 3, NULL, 4, 1, '', 'नेपाल', 'कोशी', 'तेह्रथुम', 'म्याङलुङ न.पा.', '', ''),
(292, 'अम्बर गुरुङ्ग', '98423429211', '', 3, NULL, 4, 1, '', 'नेपाल', 'कोशी', 'तेह्रथुम', 'लालीगुराँस न.पा.', '', ''),
(293, 'दिलकुमार लिम्वु', '9852684733', '', 3, NULL, 4, 1, '', 'नेपाल', 'कोशी', 'तेह्रथुम', 'आठराई गा.पा.', '', ''),
(294, 'रामचन्द्र भट्टराई', '9852048696', '', 3, NULL, 4, 1, '', 'नेपाल', 'कोशी', 'तेह्रथुम', 'छथर गा.पा.', '', ''),
(295, 'महेन्द्र फेम्बो', '9842456665', '', 3, NULL, 4, 1, '', 'नेपाल', 'कोशी', 'तेह्रथुम', 'फेदाप गा.पा.', '', ''),
(296, 'तरकबहादुर लिम्वु', '9842510949', '', 3, NULL, 4, 1, '', 'नेपाल', 'कोशी', 'तेह्रथुम', 'मेन्छयायेम गा.पा.', '', ''),
(297, 'शेकरमान कडेल', '984209998', '', 3, NULL, 4, 1, '', 'नेपाल', 'कोशी', 'संखुवासभा', 'चैनपुर न.पा.', '', ''),
(298, 'बद्ी ब. घिमिरे', '9842254090', '', 3, NULL, 4, 1, '', 'नेपाल', 'कोशी', 'संखुवासभा', 'धर्मदेवी न.पा.', '', ''),
(299, 'राज कुमार श्रेष्ठ', '9852056946', '', 3, NULL, 4, 1, '', 'नेपाल', 'कोशी', 'संखुवासभा', 'खाँदबारी न.पा.', '', ''),
(300, 'शान्तिराम दाहाल', '9842215081', '', 3, NULL, 4, 1, '', 'नेपाल', 'कोशी', 'संखुवासभा', 'मादी न.पा.', '', ''),
(301, 'बिष्णु श्रेष्ठ', '9852056946', '', 3, NULL, 4, 1, '', 'नेपाल', 'कोशी', 'संखुवासभा', 'पाँचखपन न.पा.', '', ''),
(302, 'पासाङ खाम्बा भोट', '9742088015', '', 3, NULL, 4, 1, '', 'नेपाल', 'कोशी', 'संखुवासभा', 'भोटखोला गा.पा.', '', ''),
(303, 'दिनेश कुमार राई', '9843487102', '', 3, NULL, 4, 1, '', 'नेपाल', 'कोशी', 'संखुवासभा', 'चिचिला गा.पा.', '', ''),
(304, 'ओयदी छिरिङ शेर्पा', '9852099799', '', 3, NULL, 4, 1, '', 'नेपाल', 'कोशी', 'संखुवासभा', 'मकालु गा.पा.', '', ''),
(305, 'जितेन्द्र वनेम', '9862049878', '', 3, NULL, 4, 1, '', 'नेपाल', 'कोशी', 'संखुवासभा', 'सभापोखरी गा.पा.', '', ''),
(306, 'भुपालराज मेवाहाङ', '9851100209', '', 3, NULL, 4, 1, '', 'नेपाल', 'कोशी', 'संखुवासभा', 'सिलीचोङ गा.पा.', '', ''),
(307, 'अशोक राई', '9852073211', '', 3, NULL, 4, 1, '', 'नेपाल', 'कोशी', 'भोजपुर', 'भोजपुर न.पा.', '', ''),
(308, 'भिम तामाङ', '9869683372', '', 3, NULL, 4, 1, '', 'नेपाल', 'कोशी', 'भोजपुर', 'षडानन्द न.पा.', '', ''),
(309, 'विनोद राई', '9842226000', '', 3, NULL, 4, 1, '', 'नेपाल', 'कोशी', 'भोजपुर', 'ट्याम्केमैयुम गा.पा.', '', ''),
(310, 'बिरेन्द्र राई', '9842087549', '', 3, NULL, 4, 1, '', 'नेपाल', 'कोशी', 'भोजपुर', 'रामप्रसादराई गा.पा.', '', ''),
(311, 'श्री कुमार राई', '9852072272', '', 3, NULL, 4, 1, '', 'नेपाल', 'कोशी', 'भोजपुर', 'अरुण गा.पा.', '', ''),
(312, 'मनोज कार्की', '9852052276', '', 3, NULL, 4, 1, '', 'नेपाल', 'कोशी', 'भोजपुर', 'पौवादुङमा गा.पा.', '', ''),
(313, 'स्रज राई', '9841817277', '', 3, NULL, 4, 1, '', 'नेपाल', 'कोशी', 'भोजपुर', 'साल्पासिलिछो गा.पा.', '', ''),
(314, 'रविन राई', '9841287060', '', 3, NULL, 4, 1, '', 'नेपाल', 'कोशी', 'भोजपुर', 'आमचोक गा.पा.', '', ''),
(315, 'बाल क्मार राई', '9852052660', '', 3, NULL, 4, 1, '', 'नेपाल', 'कोशी', 'भोजपुर', 'हतुवागढी गा.पा.', '', ''),
(316, 'सोनाम ग्याल्जेन शेर्पा', '9851063728', '', 3, NULL, 4, 1, '', 'नेपाल', 'कोशी', 'सोलुखुम्बु', 'सोलुदुधकुण्ड न.पा.', '', ''),
(317, 'भक्तवहादुर गुरुङ्ग', '9844462494', '', 3, NULL, 4, 1, '', 'नेपाल', 'कोशी', 'सोलुखुम्बु', 'थुलुङ दुधकोशी गा.पा. ', '', ''),
(318, 'चुङ्वा शेर्पा', '9851024212', '', 3, NULL, 4, 1, '', 'नेपाल', 'कोशी', 'सोलुखुम्बु', 'खम्बु पासाङल्हामु गा.पा.', '', ''),
(319, 'नविन कार्की', '9851166578', '', 3, NULL, 4, 1, '', 'नेपाल', 'कोशी', 'सोलुखुम्बु', 'माप्य दुधकोशी गा.पा. ', '', ''),
(320, 'निरकुमार शर्मा', '9819966000', '', 3, NULL, 4, 1, '', 'नेपाल', 'कोशी', 'सोलुखुम्बु', 'नेचासल्यान गा.पा.', '', ''),
(321, 'वलकुविर राई', '9863916100', '', 3, NULL, 4, 1, '', 'नेपाल', 'कोशी', 'सोलुखुम्बु', 'माहाकुलुङ गा.पा.', '', ''),
(322, 'सुरज वस्नेत', '9851212974', '', 3, NULL, 4, 1, '', 'नेपाल', 'कोशी', 'सोलुखुम्बु', 'लिखु पिके गा.पा.', '', ''),
(323, 'कृष्णबहादुर काकीृ', '9863844222', '', 3, NULL, 4, 1, '', 'नेपाल', 'कोशी', 'सोलुखुम्बु', 'सोताङ गा.पा.', '', ''),
(324, 'प्रेमराज गुरुङ', '9862611249', '', 3, NULL, 4, 1, '', 'नेपाल', 'कोशी', 'ओखलढुङ्गा', 'सिद्धिचरण न.पा.', '', ''),
(325, 'राम सुनुवार', '9852840481', '', 3, NULL, 4, 1, '', 'नेपाल', 'कोशी', 'ओखलढुङ्गा', 'खिजीदेम्बा गा.पा.', '', ''),
(326, 'बिष्णु पुलामी', '9851126395', '', 3, NULL, 4, 1, '', 'नेपाल', 'कोशी', 'ओखलढुङ्गा', 'चम्पादेवी गा.पा.', '', ''),
(327, 'गोपालमान थापा', '9842931276', '', 3, NULL, 4, 1, '', 'नेपाल', 'कोशी', 'ओखलढुङ्गा', 'चिशंखुगढी गा.पा.', '', ''),
(328, 'देव पुलामी मगर', '9861298084', '', 3, NULL, 4, 1, '', 'नेपाल', 'कोशी', 'ओखलढुङ्गा', 'मानेभञ्ज्याङ गा.पा.', '', ''),
(329, 'गोपिकृष्ण कार्की', '9843389034', '', 3, NULL, 4, 1, '', 'नेपाल', 'कोशी', 'ओखलढुङ्गा', 'मोलुङ गा.पा.', '', ''),
(330, 'कुमार सुवेदी', '9854040941', '', 3, NULL, 4, 1, '', 'नेपाल', 'कोशी', 'ओखलढुङ्गा', 'लिखु गा.पा.', '', ''),
(331, 'विष्णु खड्का', '9842972333', '', 3, NULL, 4, 1, '', 'नेपाल', 'कोशी', 'ओखलढुङ्गा', 'सुनकोशी गा.पा.', '', ''),
(332, 'प्रकाश श्रेष्ठ', '9842871150', '', 3, NULL, 4, 1, '', 'नेपाल', 'कोशी', 'खोटाङ', 'दिक्तेल न.पा.', '', ''),
(333, 'चक्र राई ', '9852949567', '', 3, NULL, 4, 1, '', 'नेपाल', 'कोशी', 'खोटाङ', 'हलेसी न.पा.', '', ''),
(334, 'अमृत गिरी ', '9852849045', '', 3, NULL, 4, 1, '', 'नेपाल', 'कोशी', 'खोटाङ', 'दिप्रुङ चुईचुम्मा गा.पा.', '', ''),
(335, 'बाजिन्द्र बिष्ट', '9851198125', '', 3, NULL, 4, 1, '', 'नेपाल', 'कोशी', 'खोटाङ', 'जन्तेढुङ गा.पा. ', '', ''),
(336, 'खिलाराज राई दिपक', '9842170993', '', 3, NULL, 4, 1, '', 'नेपाल', 'कोशी', 'खोटाङ', 'बराहपोखरी गा.पा.', '', ''),
(337, 'प्रेम कुमार थापा ', '9843644888', '', 3, NULL, 4, 1, '', 'नेपाल', 'कोशी', 'खोटाङ', 'खोटेहाङ गा.पा. ', '', ''),
(338, 'भलकाजी गुरुङ', '9852833327', '', 3, NULL, 4, 1, '', 'नेपाल', 'कोशी', 'खोटाङ', 'साकेला गा.पा. ', '', ''),
(339, 'हेमन्त राई ', '9749932847', '', 3, NULL, 4, 1, '', 'नेपाल', 'कोशी', 'खोटाङ', 'केपिलाशगढि गा.पा.', '', ''),
(340, 'फर्टिक श्रेष्ठ', '9862742600', '', 3, NULL, 4, 1, '', 'नेपाल', 'कोशी', 'खोटाङ', 'रावाबेशि गा.पा. ', '', ''),
(341, 'वागी उमेदवार बनेको', '1', '', 3, NULL, 4, 1, '', 'नेपाल', 'कोशी', 'खोटाङ', 'ऐसेलुखर्क गा.पा.', '', ''),
(342, 'प्रकाश थापा', '9852832488', '', 3, NULL, 4, 1, '', 'नेपाल', 'कोशी', 'उदयपुर', 'कटारी न.पा.', '', ''),
(343, 'राजेन्द्र पौडेल', '9862829544', '', 3, NULL, 4, 1, '', 'नेपाल', 'कोशी', 'उदयपुर', 'चौदण्डीगढी न.पा.', '', ''),
(344, 'प्रकाश खड्का', '9852831460', '', 3, NULL, 4, 1, '', 'नेपाल', 'कोशी', 'उदयपुर', 'त्रियुगा न.पा.', '', ''),
(345, 'अशोक कार्की', '9840337792', '', 3, NULL, 4, 1, '', 'नेपाल', 'कोशी', 'उदयपुर', 'बेलका न.पा.', '', ''),
(346, 'यम पाण्डे', '9843617608', '', 3, NULL, 4, 1, '', 'नेपाल', 'कोशी', 'उदयपुर', 'उदयपुरगढी गा.पा.', '', ''),
(347, 'दिपकुमार राजकोटी', '9852829136', '', 3, NULL, 4, 1, '', 'नेपाल', 'कोशी', 'उदयपुर', 'ताप्ली गा.पा.', '', ''),
(348, 'धमान मगर', '9866045844', '', 3, NULL, 4, 1, '', 'नेपाल', 'कोशी', 'उदयपुर', 'रौतामाई गा.पा.', '', ''),
(349, 'नेत्रबहादुर कार्की', '9842979239', '', 3, NULL, 4, 1, '', 'नेपाल', 'कोशी', 'उदयपुर', 'लिमचुङबुङ', '', ''),
(350, 'आनन्द झा', '9852821837', '', 3, NULL, 4, 1, '', 'नेपाल', 'मधेश', 'सप्तरी', 'राजविराज न.पा.', '', ''),
(351, 'कैलाश साह', '9842822095', '', 3, NULL, 4, 1, '', 'नेपाल', 'मधेश', 'सप्तरी', 'कञ्चनरुप न.पा.', '', ''),
(352, 'नारायण यादव', '9804780285', '', 3, NULL, 4, 1, '', 'नेपाल', 'मधेश', 'सप्तरी', 'डाक्नेश्वरी न.पा.', '', ''),
(353, 'दिपेन्द्र यादव', '9851311669', '', 3, NULL, 4, 1, '', 'नेपाल', 'मधेश', 'सप्तरी', 'बोदेबरसाईन न.पा.', '', ''),
(354, 'दुर्गानन्द चौधरी', '9842830678', '', 3, NULL, 4, 1, '', 'नेपाल', 'मधेश', 'सप्तरी', 'खड्क न.पा.', '', ''),
(355, 'सुरेन्द्र गुप्ता', '9815744967', '', 3, NULL, 4, 1, '', 'नेपाल', 'मधेश', 'सप्तरी', 'शम्भुनाथ न.पा.', '', ''),
(356, 'अशोककुमार चौधरी', '9805961006', '', 3, NULL, 4, 1, '', 'नेपाल', 'मधेश', 'सप्तरी', 'सुरुङ्गा न.पा.', '', ''),
(357, 'अवध मेहता', '9819944905', '', 3, NULL, 4, 1, '', 'नेपाल', 'मधेश', 'सप्तरी', 'हनुमाननगर कङ्कालिनी न.पा.', '', ''),
(358, 'रोशन मण्डल', '9852820763', '', 3, NULL, 4, 1, '', 'नेपाल', 'मधेश', 'सप्तरी', 'अग्नीसाइर कृष्णासवरन गा.पा.', '', ''),
(359, 'कुलानन्द यादव', '9819962292', '', 3, NULL, 4, 1, '', 'नेपाल', 'मधेश', 'सप्तरी', 'छिन्नमस्ता गा.पा.', '', ''),
(360, 'लोकेन्द्र नायक', '9817737084', '', 3, NULL, 4, 1, '', 'नेपाल', 'मधेश', 'सप्तरी', 'महादेवा गा.पा.', '', ''),
(361, 'युवराज खनाल', '9842821474', '', 3, NULL, 4, 1, '', 'नेपाल', 'मधेश', 'सप्तरी', 'सप्तकोशी गा.पा.', '', ''),
(362, 'ज्ञानेन्द्र लगरवार', '9852030471', '', 3, NULL, 4, 1, '', 'नेपाल', 'मधेश', 'सप्तरी', 'तिरहुत गा.पा.', '', ''),
(363, 'अमिर झा', '9804700916', '', 3, NULL, 4, 1, '', 'नेपाल', 'मधेश', 'सप्तरी', 'तिलाठी कोईलाडी गा.पा.', '', ''),
(364, 'सुगम्बर यादव', '9817707781', '', 3, NULL, 4, 1, '', 'नेपाल', 'मधेश', 'सप्तरी', 'रुपनी गा.पा.', '', ''),
(365, 'दिपेन्द्र यादव', '9852820655', '', 3, NULL, 4, 1, '', 'नेपाल', 'मधेश', 'सप्तरी', 'बेल्ही चपेना (राजगढ) गा.पा.', '', ''),
(366, 'मोजेलाल यादव', '9817757474', '', 3, NULL, 4, 1, '', 'नेपाल', 'मधेश', 'सप्तरी', 'विष्णुपुर गा.पा.', '', ''),
(367, 'राजकुमार साह', '9815729005', '', 3, NULL, 4, 1, '', 'नेपाल', 'मधेश', 'सप्तरी', 'बलान–विहु ', '', ''),
(368, 'शितल चौधरी', '9805932138', '', 3, NULL, 4, 1, '', 'नेपाल', 'मधेश', 'सिरहा', 'लहान न.पा.', '', ''),
(369, 'सरोजकुमार महतो', '9814775656', '', 3, NULL, 4, 1, '', 'नेपाल', 'मधेश', 'सिरहा', 'धनगढीमाई न.पा.', '', ''),
(370, 'अशिशलाल यादव', '9842900110', '', 3, NULL, 4, 1, '', 'नेपाल', 'मधेश', 'सिरहा', 'सिरहा न.पा.', '', ''),
(371, 'राजदेव साह', '9815703665', '', 3, NULL, 4, 1, '', 'नेपाल', 'मधेश', 'सिरहा', 'गोलबजार न.पा.', '', ''),
(372, 'रमेश न्यौपाने', '9805978072', '', 3, NULL, 4, 1, '', 'नेपाल', 'मधेश', 'सिरहा', 'मिर्चैयाँ न.पा. ', '', ''),
(373, 'कृष्ण साह', '9811744032', '', 3, NULL, 4, 1, '', 'नेपाल', 'मधेश', 'सिरहा', 'कल्याणपुर न.पा.', '', ''),
(374, 'सुभाष यादव', '9804789133', '', 3, NULL, 4, 1, '', 'नेपाल', 'मधेश', 'सिरहा', 'भगवानपुर गा.पा.', '', ''),
(375, 'महेन्द्र यादव', '9804804981', '', 3, NULL, 4, 1, '', 'नेपाल', 'मधेश', 'सिरहा', 'औरही गा.पा.', '', ''),
(376, 'यनाथ महतो', '9807720349', '', 3, NULL, 4, 1, '', 'नेपाल', 'मधेश', 'सिरहा', 'विष्णुपुर गा.पा.', '', ''),
(377, 'मिथुन यादव', '9808295805', '', 3, NULL, 4, 1, '', 'नेपाल', 'मधेश', 'सिरहा', 'सुखीपुर गा.पा.', '', ''),
(378, 'मानबहादुर पाण्डे', '9807768501', '', 3, NULL, 4, 1, '', 'नेपाल', 'मधेश', 'सिरहा', 'कर्जन्हा गा.पा.', '', ''),
(379, 'योगेन्द्र यादव', '9824770430', '', 3, NULL, 4, 1, '', 'नेपाल', 'मधेश', 'सिरहा', 'बरियारपट्टी गा.पा.', '', ''),
(380, 'विद्यानन्द साह', '9809603306', '', 3, NULL, 4, 1, '', 'नेपाल', 'मधेश', 'सिरहा', 'लक्ष्मीपुर पतारी गा.पा.', '', ''),
(381, 'कमल मण्डल', '9842824413', '', 3, NULL, 4, 1, '', 'नेपाल', 'मधेश', 'सिरहा', 'नरहा गा.पा.', '', ''),
(382, 'वालकृष्ण यादव', '9815743997', '', 3, NULL, 4, 1, '', 'नेपाल', 'मधेश', 'सिरहा', 'सखुवानान्कारकट्टी गा.पा.', '', ''),
(383, 'धर्मदेव काम्ती', '9804705711', '', 3, NULL, 4, 1, '', 'नेपाल', 'मधेश', 'सिरहा', 'अर्नमा गा.पा.', '', ''),
(384, 'मदन यादव', '9814777578', '', 3, NULL, 4, 1, '', 'नेपाल', 'मधेश', 'सिरहा', 'नवराजपुर गा.पा.', '', ''),
(385, 'मनोजकुमार साह', '9854025810', '', 3, NULL, 4, 1, '', 'नेपाल', 'मधेश', 'धनुषा', 'जनकपुर उ.म.न.पा.', '', ''),
(386, 'लालवावु यादव', '9854026234', '', 3, NULL, 4, 1, '', 'नेपाल', 'मधेश', 'धनुषा', 'क्षिरेश्वरनाथ न.पा.', '', ''),
(387, 'राम सूक यादव', '9807884443', '', 3, NULL, 4, 1, '', 'नेपाल', 'मधेश', 'धनुषा', 'गणेशमान चारनाथ न.पा.', '', ''),
(388, 'चन्द्रदिप यादव', '9844100732', '', 3, NULL, 4, 1, '', 'नेपाल', 'मधेश', 'धनुषा', 'धनुषाधाम न.पा.', '', ''),
(389, 'विनयकुमार यादव', '9854021616', '', 3, NULL, 4, 1, '', 'नेपाल', 'मधेश', 'धनुषा', 'नगराईन न.पा.', '', ''),
(390, 'गणेशकुमार साह', '9804827606', '', 3, NULL, 4, 1, '', 'नेपाल', 'मधेश', 'धनुषा', 'विदेह न.पा.', '', ''),
(391, 'जोगी महतो', '9807678129', '', 3, NULL, 4, 1, '', 'नेपाल', 'मधेश', 'धनुषा', 'मिथिला न.पा.', '', ''),
(392, 'तेजीलाल यादव', '9844021745', '', 3, NULL, 4, 1, '', 'नेपाल', 'मधेश', 'धनुषा', 'शहीदनगर न.पा.', '', ''),
(393, 'खटरु यादव', '9819877331', '', 3, NULL, 4, 1, '', 'नेपाल', 'मधेश', 'धनुषा', 'सबैला न.पा. ', '', ''),
(394, 'राजेन्द्रप्रसाद यादव', '9844023587', '', 3, NULL, 4, 1, '', 'नेपाल', 'मधेश', 'धनुषा', 'मिथिला बिहारी न.पा.', '', ''),
(395, 'जयनारायण कापडी', '9814892001', '', 3, NULL, 4, 1, '', 'नेपाल', 'मधेश', 'धनुषा', 'हंसपुर न.पा.', '', ''),
(396, 'शिवशंकर राउत यादव', '9844417614', '', 3, NULL, 4, 1, '', 'नेपाल', 'मधेश', 'धनुषा', 'कमला न.पा.', '', ''),
(397, 'युगलकिशोर साह', '9815898695', '', 3, NULL, 4, 1, '', 'नेपाल', 'मधेश', 'धनुषा', 'औरही', '', ''),
(398, 'योगेन्द्र मिश्र', '9844054760', '', 3, NULL, 4, 1, '', 'नेपाल', 'मधेश', 'धनुषा', 'लक्ष्मीनिया', '', ''),
(399, 'दिलिपकुमार यादव', '9841345659', '', 3, NULL, 4, 1, '', 'नेपाल', 'मधेश', 'धनुषा', 'जनकनन्दीनी', '', ''),
(400, 'रामचन्द्र महतो', '9812008886', '', 3, NULL, 4, 1, '', 'नेपाल', 'मधेश', 'धनुषा', 'बटेश्वर', '', ''),
(401, 'विश्वनाथ यादव', '9819878124', '', 3, NULL, 4, 1, '', 'नेपाल', 'मधेश', 'धनुषा', 'मुखियापट्टि मुसहरनिया', '', ''),
(402, 'रामनारायण यादव', '9844127241', '', 3, NULL, 4, 1, '', 'नेपाल', 'मधेश', 'धनुषा', 'धनौजी ', '', ''),
(403, 'अशोक साह', '9854032629', '', 3, NULL, 4, 1, '', 'नेपाल', 'मधेश', 'महोत्तरी', 'जलेश्वर न.पा.', '', ''),
(404, 'विरेन्द्र चौधरी', '9844057916', '', 3, NULL, 4, 1, '', 'नेपाल', 'मधेश', 'महोत्तरी', 'गौशाला न.पा.', '', ''),
(405, 'रुप नारायण सिंह', '9804875123', '', 3, NULL, 4, 1, '', 'नेपाल', 'मधेश', 'महोत्तरी', 'भँगाहा न.पा. ', '', ''),
(406, 'सिताराम यादव', '9807898592', '', 3, NULL, 4, 1, '', 'नेपाल', 'मधेश', 'महोत्तरी', 'लोहरपट्टि न.पा. ', '', ''),
(407, 'राम पदार्थ साह', '9844030625', '', 3, NULL, 4, 1, '', 'नेपाल', 'मधेश', 'महोत्तरी', 'मटिहानी न.पा. ', '', ''),
(408, 'संजिव यादव', '9819809765', '', 3, NULL, 4, 1, '', 'नेपाल', 'मधेश', 'महोत्तरी', 'मनरा न.पा. ', '', ''),
(409, 'हरि महतो', '\n9844016363', '', 3, NULL, 4, 1, '', 'नेपाल', 'मधेश', 'महोत्तरी', 'रामगोपालपुर न.पा. ', '', ''),
(410, 'जोगी यादव', '9807827790', '', 3, NULL, 4, 1, '', 'नेपाल', 'मधेश', 'महोत्तरी', 'औरही न.पा. ', '', ''),
(411, 'राधारमण मिश्र', '9844119544', '', 3, NULL, 4, 1, '', 'नेपाल', 'मधेश', 'महोत्तरी', 'पिपरा', '', ''),
(412, 'दिलिप चौधरी', '9844081668', '', 3, NULL, 4, 1, '', 'नेपाल', 'मधेश', 'महोत्तरी', 'महोत्तरी', '', ''),
(413, 'विपिन विहारी यादव', '9815807346', '', 3, NULL, 4, 1, '', 'नेपाल', 'मधेश', 'महोत्तरी', 'साम्सी', '', ''),
(414, 'पुरुषोत्तम पाण्डे', '9845227859', '', 3, NULL, 4, 1, '', 'नेपाल', 'मधेश', 'बारा', 'कलैया उ.म.न.पा.', '', ''),
(415, 'छविलाल शर्मा', '9845036876', '', 3, NULL, 4, 1, '', 'नेपाल', 'मधेश', 'बारा', 'जीतपुर सिमरा उ.म.न.पा.', '', '');
INSERT INTO `members` (`memberId`, `memberName`, `mobileNumber`, `email`, `committeeId`, `subCommitteeId`, `levelId`, `positionId`, `representative`, `address`, `province`, `district`, `municipality`, `ward`, `remarks`) VALUES
(416, 'विरेन्द्रप्रसाद चौधरी', '9855026893\n', '', 3, NULL, 4, 1, '', 'नेपाल', 'मधेश', 'बारा', 'कोल्हवी न.पा.', '', ''),
(417, 'नवराज तिमिल्सीना', '9855044772', '', 3, NULL, 4, 1, '', 'नेपाल', 'मधेश', 'बारा', 'निजगढ न.पा.', '', ''),
(418, 'भुलेन्द्र यादव', '9855061680', '', 3, NULL, 4, 1, '', 'नेपाल', 'मधेश', 'बारा', 'महागढीमाई न.पा.', '', ''),
(419, 'नागेन्द्रप्रसाद साह', '9824211935', '', 3, NULL, 4, 1, '', 'नेपाल', 'मधेश', 'बारा', 'सिम्रौनगढ न.पा.', '', ''),
(420, 'जवाहरप्रसाद साह कानु', '9845252909', '', 3, NULL, 4, 1, '', 'नेपाल', 'मधेश', 'बारा', 'आदर्श कोतवाल', '', ''),
(421, 'मुख्तार महमद अन्सारी', '9819248386', '', 3, NULL, 4, 1, '', 'नेपाल', 'मधेश', 'बारा', 'करैयामाई', '', ''),
(422, 'रामदयाल प्रसाद महतो', '9821278895', '', 3, NULL, 4, 1, '', 'नेपाल', 'मधेश', 'बारा', 'देवताल', '', ''),
(423, 'पुनदेव यादव', '9845037040\n', '', 3, NULL, 4, 1, '', 'नेपाल', 'मधेश', 'बारा', 'परवानीपुर', '', ''),
(424, 'सुरेन्द्रप्रसाद चौधरी', '9845249181\n', '', 3, NULL, 4, 1, '', 'नेपाल', 'मधेश', 'बारा', 'बारागढी', '', ''),
(425, 'मनोज साह', '9809165215', '', 3, NULL, 4, 1, '', 'नेपाल', 'मधे???', 'बारा', 'फेटा', '', ''),
(426, 'हरि पटेल', '9845185398', '', 3, NULL, 4, 1, '', 'नेपाल', 'मधेश', 'बारा', 'प्रसौनी', '', ''),
(427, 'रुपनारायण यादव', '9804200711', '', 3, NULL, 4, 1, '', 'नेपाल', 'मधेश', 'बारा', 'सुवर्ण', '', ''),
(428, 'गोवरी राय यादव', '9845414498', '', 3, NULL, 4, 1, '', 'नेपाल', 'मधेश', 'बारा', 'पचरौटा', '', ''),
(429, 'मदन यादव', '9855022552', '', 3, NULL, 4, 1, '', 'नेपाल', 'मधेश', 'बारा', 'विश्रामपुर गा.पा. ', '', ''),
(430, 'मिनेन्द्रलाल नेपाली', '9845025442', '', 3, NULL, 4, 1, '', 'नेपाल', 'मधेश', 'पर्सा', 'वीरगञ्ज महानगरपालिका ', '', ''),
(431, 'रामवावुप्रसाद चौहान', '9845915021', '', 3, NULL, 4, 1, '', 'नेपाल', 'मधेश', 'पर्सा', 'पोखरीया न.पा.', '', ''),
(432, 'रामानन्द यादव', '9806804427', '', 3, NULL, 4, 1, '', 'नेपाल', 'मधेश', 'पर्सा', 'बहुदरमाई न.पा. ', '', ''),
(433, 'विषमोहन दास', '9816213614', '', 3, NULL, 4, 1, '', 'नेपाल', 'मधेश', 'पर्सा', 'पर्सागढी न.पा. ', '', ''),
(434, 'विहारी महतो नुनिया', '9821376602', '', 3, NULL, 4, 1, '', 'नेपाल', 'मधेश', 'पर्सा', 'जगरनाथपुर', '', ''),
(435, 'कमल ठाकुर लोहार', '9807208904', '', 3, NULL, 4, 1, '', 'नेपाल', 'मधेश', 'पर्सा', 'धोविनी', '', ''),
(436, 'धुरेन्द्र साह कानु', '9825205545', '', 3, NULL, 4, 1, '', 'नेपाल', 'मधेश', 'पर्सा', 'छिपहरमाई', '', ''),
(437, 'हरिप्रसाद चौहान', '9862545531', '', 3, NULL, 4, 1, '', 'नेपाल', 'मधेश', 'पर्सा', 'पकहामैनपुर', '', ''),
(438, 'विवेक चौरसिया', '9819593322', '', 3, NULL, 4, 1, '', 'नेपाल', 'मधेश', 'पर्सा', 'विन्दवासिनी', '', ''),
(439, 'जयराम महतो', '9746556092', '', 3, NULL, 4, 1, '', 'नेपाल', 'मधेश', 'पर्सा', 'सखुवा प्रर्सौनी', '', ''),
(440, 'शिवप्रसाद चौधरी', '9845866167', '', 3, NULL, 4, 1, '', 'नेपाल', 'मधेश', 'पर्सा', 'पर्टेवा सुगौली', '', ''),
(441, 'सन्तोष श्रेष्ठ', '9855028145', '', 3, NULL, 4, 1, '', 'नेपाल', 'मधेश', 'पर्सा', 'ठोरी ', '', ''),
(442, 'मनमोहन महतो', '9845666335', '', 3, NULL, 4, 1, '', 'नेपाल', 'मधेश', 'पर्सा', 'जिरा भवानी गा.पा. ', '', ''),
(443, 'मुकेश गिरी', '9845238612', '', 3, NULL, 4, 1, '', 'नेपाल', 'मधेश', 'रौतहट', 'चन्दपुर न.पा.', '', ''),
(444, 'कृष्ण चौधरी', '9845158605', '', 3, NULL, 4, 1, '', 'नेपाल', 'मधेश', 'रौतहट', 'गरुडा न.पा.', '', ''),
(445, 'मोहनकुमार यादव', '9845058843', '', 3, NULL, 4, 1, '', 'नेपाल', 'मधेश', 'रौतहट', 'गौर न.पा.', '', ''),
(446, 'जवाहरप्रसाद यादव', '9845215191', '', 3, NULL, 4, 1, '', 'नेपाल', 'मधेश', 'रौतहट', 'परोहा न.पा. ', '', ''),
(447, 'शेष आहिद', '1', '', 3, NULL, 4, 1, '', 'नेपाल', 'मधेश', 'रौतहट', 'राजपुर न.पा. ', '', ''),
(448, 'राम अयोध्या यादव', '9855047460', '', 3, NULL, 4, 1, '', 'नेपाल', 'मधेश', 'रौतहट', 'देवाही गोनाई न.पा. ', '', ''),
(449, 'सन्तोष साह', '9845353015', '', 3, NULL, 4, 1, '', 'नेपाल', 'मधेश', 'रौतहट', 'मौलापुर न.पा. ', '', ''),
(450, 'शम्भुकान्त प्रसाद यादव', '9845162294', '', 3, NULL, 4, 1, '', 'नेपाल', 'मधेश', 'रौतहट', 'कटहरिया न.पा. ', '', ''),
(451, 'कुमार प्रसाद चौलागाई', '9851057248', '', 3, NULL, 4, 1, '', 'नेपाल', 'मधेश', 'रौतहट', 'गुजरा न.पा. ', '', ''),
(452, 'योगेन्द्र महतो', '9855040958', '', 3, NULL, 4, 1, '', 'नेपाल', 'मधेश', 'रौतहट', 'माधव नारायण न.पा. ', '', ''),
(453, 'वावुराम अधिकारी', '9845251247', '', 3, NULL, 4, 1, '', 'नेपाल', 'मधेश', 'रौतहट', 'फतुवा विजयपुर न पा ', '', ''),
(454, 'धर्मेन्द्रकुमार यादव', '9845561722', '', 3, NULL, 4, 1, '', 'नेपाल', 'मधेश', 'रौतहट', 'राजदेवी न.पा. ', '', ''),
(455, 'धर्मनाथ चौधरी', '9845135072', '', 3, NULL, 4, 1, '', 'नेपाल', 'मधेश', 'रौतहट', 'दुर्गा भगवती', '', ''),
(456, 'सीताराम यादव', '9860062905', '', 3, NULL, 4, 1, '', 'नेपाल', 'मधेश', 'रौतहट', 'यमुनामाई ', '', ''),
(457, 'शोनाम शेर्पा', '9851009742', '', 3, NULL, 4, 1, '', 'नेपाल', 'वागमती', 'दोलखा', 'जिरी न.पा. ', '', ''),
(458, 'बाअ चन्द शिवाकोटी', '9841694659', '', 3, NULL, 4, 1, '', 'नेपाल', 'वागमती', 'दोलखा', 'भिमेश्वर न.पा.', '', ''),
(459, 'हेमराज तामाङ', '9851095019', '', 3, NULL, 4, 1, '', 'नेपाल', 'वागमती', 'दोलखा', 'विगु ', '', ''),
(460, 'जगत मणि शिवाकोटी', '9840781884', '', 3, NULL, 4, 1, '', 'नेपाल', 'वागमती', 'दोलखा', 'कालिन्चोक ', '', ''),
(461, 'कृष्ण ध्वज योजन', '9851081626', '', 3, NULL, 4, 1, '', 'नेपाल', 'वागमती', 'दोलखा', 'शैलुङ ', '', ''),
(462, 'नाराण मगर ', '9851093807', '', 3, NULL, 4, 1, '', 'नेपाल', 'वागमती', 'दोलखा', 'मेलुङ ', '', ''),
(463, 'कृष्ण प्रसाद फुयाल', '9848939898', '', 3, NULL, 4, 1, '', 'नेपाल', 'वागमती', 'दोलखा', 'तामाकोशी ', '', ''),
(464, 'हामसेर घिसिङ', '9851066183', '', 3, NULL, 4, 1, '', 'नेपाल', 'वागमती', 'दोलखा', 'वैतेश्वर ', '', ''),
(465, 'श्याम सुन्दर तामाङ', '9851219280', '', 3, NULL, 4, 1, '', 'नेपाल', 'वागमती', 'दोलखा', 'गौरिशंकर ', '', ''),
(466, 'शंकर प्रसाद अधिकारी', '9844202241', '', 3, NULL, 4, 1, '', 'नेपाल', 'वागमती', 'रामेछाप', 'मन्थली न.पा.', '', ''),
(467, 'कमल बिक्रम कार्की', '9844143527', '', 3, NULL, 4, 1, '', 'नेपाल', 'वागमती', 'रामेछाप', 'रामेछाप न.पा.', '', ''),
(468, 'बाबराम कटुवाल', '9861729876', '', 3, NULL, 4, 1, '', 'नेपाल', 'वागमती', 'रामेछाप', 'उमाकुण्ड', '', ''),
(469, 'मणि कुमार लामा', '9854043218', '', 3, NULL, 4, 1, '', 'नेपाल', 'वागमती', 'रामेछाप', 'गोकुलगंगा', '', ''),
(470, 'सुन्दर खड्का', '9851002100', '', 3, NULL, 4, 1, '', 'नेपाल', 'वागमती', 'रामेछाप', 'लिखु तामाकोशी', '', ''),
(471, 'केशव लामा', '9844497775', '', 3, NULL, 4, 1, '', 'नेपाल', 'वागमती', 'रामेछाप', 'दोरम्बा', '', ''),
(472, 'पे्रम बहादुर तामाङ', '9851014415', '', 3, NULL, 4, 1, '', 'नेपाल', 'वागमती', 'रामेछाप', 'खाडादेवी', '', ''),
(473, 'जनक कुमार खड्का ', '9841578857', '', 3, NULL, 4, 1, '', 'नेपाल', 'वागमती', 'रामेछाप', 'सुनापती', '', ''),
(474, 'कमल पोखरेल', '9844092735', '', 3, NULL, 4, 1, '', 'नेपाल', 'वागमती', 'सिन्धुली', 'कमलामाई न.पा.', '', ''),
(475, 'बलराम घिमिरे', '9849170197', '', 3, NULL, 4, 1, '', 'नेपाल', 'वागमती', 'सिन्धुली', 'दुधौली न.पा.', '', ''),
(476, 'सोम प्रसाद घिमिरे', '9851147343', '', 3, NULL, 4, 1, '', 'नेपाल', 'वागमती', 'सिन्धुली', 'तिनपाटन', '', ''),
(477, 'राम बहादुर कार्की', '9841860064', '', 3, NULL, 4, 1, '', 'नेपाल', 'वागमती', 'सिन्धुली', 'फिक्कल', '', ''),
(478, 'विष्णु राइ', '9845842341', '', 3, NULL, 4, 1, '', 'नेपाल', 'वागमती', 'सिन्धुली', 'हरिहरपुरगढी', '', ''),
(479, 'चन्द्र श्रेष्ठ', '9863345866', '', 3, NULL, 4, 1, '', 'नेपाल', 'वागमती', 'सिन्धुली', 'सुनकोशी', '', ''),
(480, 'मोतिराम सापकोटा', '9841143635', '', 3, NULL, 4, 1, '', 'नेपाल', 'वागमती', 'सिन्धुली', 'गोलन्जोर', '', ''),
(481, 'राम बहादुर वाइबा', '9844249623', '', 3, NULL, 4, 1, '', 'नेपाल', 'वागमती', 'सिन्धुली', 'मरिण', '', ''),
(482, 'विदुर वस्नेत ', '9851194400', '', 3, NULL, 4, 1, '', 'नेपाल', 'वागमती', 'काभ्रेपलाञ्चोक', 'धुलिखेल न.पा.', '', ''),
(483, 'महेश कर्मचार्य', '9851004222', '', 3, NULL, 4, 1, '', 'नेपाल', 'वागमती', 'काभ्रेपलाञ्चोक', 'बनेपा न.पा.', '', ''),
(484, 'रामसरण भण्डारी', '9851216965', '', 3, NULL, 4, 1, '', 'नेपाल', 'वागमती', 'काभ्रेपलाञ्चोक', 'पनौती न.पा.', '', ''),
(485, 'संजय लामा', '9851073278', '', 3, NULL, 4, 1, '', 'नेपाल', 'वागमती', 'काभ्रेपलाञ्चोक', 'पाँचखाल न.पा.', '', ''),
(486, 'कुसाङ लामा', '9851060437', '', 3, NULL, 4, 1, '', 'नेपाल', 'वागमती', 'काभ्रेपलाञ्चोक', 'नमोवुद्ध न.पा.', '', ''),
(487, 'कश्यप पौडेल', '9851068826', '', 3, NULL, 4, 1, '', 'नेपाल', 'वागमती', 'काभ्रेपलाञ्चोक', 'मण्डन देउपुर न.पा.', '', ''),
(488, 'सागर मोक्तान', '9851025347', '', 3, NULL, 4, 1, '', 'नेपाल', 'वागमती', 'काभ्रेपलाञ्चोक', 'महाभारत', '', ''),
(489, 'जितेन्द्र मान लामा', '9851013580', '', 3, NULL, 4, 1, '', 'नेपाल', 'वागमती', 'काभ्रेपलाञ्चोक', 'भुम्लु', '', ''),
(490, 'सेर वा लामा', '9851092237', '', 3, NULL, 4, 1, '', 'नेपाल', 'वागमती', 'काभ्रेपलाञ्चोक', 'चौरी देउराली', '', ''),
(491, 'ज्ञान ब लामा', '9841472726', '', 3, NULL, 4, 1, '', 'नेपाल', 'वागमती', 'काभ्रेपलाञ्चोक', 'तेमाल', '', ''),
(492, 'दुधराज तामाङ', '9851221889', '', 3, NULL, 4, 1, '', 'नेपाल', 'वागमती', 'काभ्रेपलाञ्चोक', 'रोशी', '', ''),
(493, 'दोजेमान जिम्बा', '9867813879', '', 3, NULL, 4, 1, '', 'नेपाल', 'वागमती', 'काभ्रेपलाञ्चोक', 'खानीखोला', '', ''),
(494, 'प्रेम तिमल्सिना', '9851099511', '', 3, NULL, 4, 1, '', 'नेपाल', 'वागमती', 'काभ्रेपलाञ्चोक', 'वेथानचोक', '', ''),
(495, 'इन्द्रलोन धिताल', '9869244198', '', 3, NULL, 4, 1, '', 'नेपाल', 'वागमती', 'सिन्धुपाल्चोक', 'चौतारा सागाचोक गढी न.पा.', '', ''),
(496, 'शम्खु तिमिल्सिना', '9851036713', '', 3, NULL, 4, 1, '', 'नेपाल', 'वागमती', 'सिन्धुपाल्चोक', 'बाह्रविसे न.पा.', '', ''),
(497, 'बसन्त गुरुङ', '9841512091', '', 3, NULL, 4, 1, '', 'नेपाल', 'वागमती', 'सिन्धुपाल्चोक', 'मेलम्ची न.पा.', '', ''),
(498, 'जेठा तामाङ', '9851003948', '', 3, NULL, 4, 1, '', 'नेपाल', 'वागमती', 'सिन्धुपाल्चोक', 'लिसंखु पाखर', '', ''),
(499, 'रुपकाजी लामा', '9851034693', '', 3, NULL, 4, 1, '', 'नेपाल', 'वागमती', 'सिन्धुपाल्चोक', 'सुनकोशी', '', ''),
(500, 'राजकुमार भण्डारी', '9851007393', '', 3, NULL, 4, 1, '', 'नेपाल', 'वागमती', 'सिन्धुपाल्चोक', 'हेलम्वु', '', ''),
(501, 'जिवन थापा', '9851064030', '', 3, NULL, 4, 1, '', 'नेपाल', 'वागमती', 'सिन्धुपाल्चोक', 'इन्द्रावती', '', ''),
(502, 'देवि बहादुर बुडाथाकी', '9843402057', '', 3, NULL, 4, 1, '', 'नेपाल', 'वागमती', 'सिन्धुपाल्चोक', 'भोटेकोशी', '', ''),
(503, 'कमार लामा', '9851031481', '', 3, NULL, 4, 1, '', 'नेपाल', 'वागमती', 'सिन्धुपाल्चोक', 'बलेफी', '', ''),
(504, 'प्रेम दोङ ', '9851086572', '', 3, NULL, 4, 1, '', 'नेपाल', 'वागमती', 'सिन्धुपाल्चोक', 'पाँचपोखरी थाङमाल', '', ''),
(505, 'सगुन श्रेष्ठ', '9851234246', '', 3, NULL, 4, 1, '', 'नेपाल', 'वागमती', 'सिन्धुपाल्चोक', 'जुगल', '', ''),
(506, 'मोहन श्रेष्ठ', '9851006268', '', 3, NULL, 4, 1, '', 'नेपाल', 'वागमती', 'सिन्धुपाल्चोक', 'त्रिपुरासुन्दरी', '', ''),
(507, ' दावा नुर्चुङ तामाङ', '9851156783', '', 3, NULL, 4, 1, '', 'नेपाल', 'वागमती', 'रसुवा', 'आमाछोदिङओ', '', ''),
(508, ' दावा दोर्जे तामाङ', '9851030779', '', 3, NULL, 4, 1, '', 'नेपाल', 'वागमती', 'रसुवा', 'गोसाईकुण्ड', '', ''),
(509, ' अंमर वुलुन', '9840914698', '', 3, NULL, 4, 1, '', 'नेपाल', 'वागमती', 'रसुवा', 'उत्तरगया', '', ''),
(510, ' ज्ञानुमाया तामाङ्ग', '9844191407', '', 3, NULL, 4, 1, '', 'नेपाल', 'वागमती', 'रसुवा', 'कालिका', '', ''),
(511, ' सेरछेवाङ तामाङ', '9843957408', '', 3, NULL, 4, 1, '', 'नेपाल', 'वागमती', 'रसुवा', 'नौकुण्ड', '', ''),
(512, 'हरिलाल श्रेष्ठ', '9851208323', '', 3, NULL, 4, 1, '', 'नेपाल', 'वागमती', 'नुवाकोट', 'विदुर न.पा.', '', ''),
(513, 'लेखनाथ मुडवरी', '9841797055', '', 3, NULL, 4, 1, '', 'नेपाल', 'वागमती', 'नुवाकोट', 'वेलकोटगढी न.पा.', '', ''),
(514, 'बिनोद पाठक', '9851184737', '', 3, NULL, 4, 1, '', 'नेपाल', 'वागमती', 'नुवाकोट', 'लिखु', '', ''),
(515, 'रोजलाल मोक्तान', '9843003209', '', 3, NULL, 4, 1, '', 'नेपाल', 'वागमती', 'नुवाकोट', 'दुप्चेश्वर', '', ''),
(516, 'माधव प्रसाद खनाल', '9851183952', '', 3, NULL, 4, 1, '', 'नेपाल', 'वागमती', 'नुवाकोट', 'पञ्चकन्या', '', ''),
(517, 'नाराण  प्रसाद पाण्डे', '9841459652', '', 3, NULL, 4, 1, '', 'नेपाल', 'वागमती', 'नुवाकोट', 'तादी', '', ''),
(518, 'शंकरबहादुर प्याकुरेल', '9841227059', '', 3, NULL, 4, 1, '', 'नेपाल', 'वागमती', 'नुवाकोट', 'सूर्यगढी', '', ''),
(519, 'भाग्यश्री लामा', '9851035199', '', 3, NULL, 4, 1, '', 'नेपाल', 'वागमती', 'नुवाकोट', 'ककनी', '', ''),
(520, 'कवीराज गुरुङ', '9841448721', '', 3, NULL, 4, 1, '', 'नेपाल', 'वागमती', 'नुवाकोट', 'शिवपुरी', '', ''),
(521, 'केशवराज अर्याल', '9851099974', '', 3, NULL, 4, 1, '', 'नेपाल', 'वागमती', 'नुवाकोट', 'तारकेश्वर', '', ''),
(522, 'सिंगराज तामाङ', '9841776737', '', 3, NULL, 4, 1, '', 'नेपाल', 'वागमती', 'नुवाकोट', 'मेघाङ', '', ''),
(523, 'रणबहादुर लामा', '9843117791', '', 3, NULL, 4, 1, '', 'नेपाल', 'वागमती', 'नुवाकोट', 'किस्पाङ', '', ''),
(524, 'सुरज उप्रेती', '9851101398', '', 3, NULL, 4, 1, '', 'नेपाल', 'वागमती', 'धादिङ्ग', 'धुनिवेशी न.पा.', '', ''),
(525, 'का.वा. शम्भु मल्ल ठकुरी ', '9841483501', '', 3, NULL, 4, 1, '', 'नेपाल', 'वागमती', 'धादिङ्ग', 'निलकण्ठ न.पा.', '', ''),
(526, 'ग्यालवाङ तामाङ', '9851058852', '', 3, NULL, 4, 1, '', 'नेपाल', 'वागमती', 'धादिङ्ग', 'रुवीभ्याली', '', ''),
(527, 'दीपक कार्की', '9851036684', '', 3, NULL, 4, 1, '', 'नेपाल', 'वागमती', 'धादिङ्ग', 'गल्छी', '', ''),
(528, 'मरिचमान तामाङ', '9843628216', '', 3, NULL, 4, 1, '', 'नेपाल', 'वागमती', 'धादिङ्ग', 'खनियावास', '', ''),
(529, ' फैसिङ तामाङ', '9860837775', '', 3, NULL, 4, 1, '', 'नेपाल', 'वागमती', 'धादिङ्ग', 'गंगाजमुना', '', ''),
(530, ' ठाकुर गुरुङ्ग', '9851210975', '', 3, NULL, 4, 1, '', 'नेपाल', 'वागमती', 'धादिङ्ग', 'नेत्रावती', '', ''),
(531, 'राजु उप्रेती', '9851191531', '', 3, NULL, 4, 1, '', 'नेपाल', 'वागमती', 'धादिङ्ग', 'त्रिपुरासुन्दरी', '', ''),
(532, 'रेशम लाल काप्री ', '9849818775', '', 3, NULL, 4, 1, '', 'नेपाल', 'वागमती', 'धादिङ्ग', 'ज्वालामुखी', '', ''),
(533, 'भूभी कडेल', '9849207355', '', 3, NULL, 4, 1, '', 'नेपाल', 'वागमती', 'धादिङ्ग', 'गजुरी', '', ''),
(534, 'रामप्रसाद बिडारी', '9851054385', '', 3, NULL, 4, 1, '', 'नेपाल', 'वागमती', 'धादिङ्ग', 'थाक्रे', '', ''),
(535, 'ऋषिनाथ त्रिपाठी ', '9841716174', '', 3, NULL, 4, 1, '', 'नेपाल', 'वागमती', 'धादिङ्ग', 'वेनीघाट रिराङ', '', ''),
(536, 'रामशरण गिरी ', '9851004494', '', 3, NULL, 4, 1, '', 'नेपाल', 'वागमती', 'धादिङ्ग', 'सिद्धलेक', '', ''),
(537, 'चित्रसेन अधिकारी', '9855050962', '', 3, NULL, 4, 1, '', 'नेपाल', 'वागमती', 'चितवन', 'भरतपुर महानगरपालिका', '', ''),
(538, ' दिश्वश्यर के.सी.', '9855062905', '', 3, NULL, 4, 1, '', 'नेपाल', 'वागमती', 'चितवन', 'कालिका न.पा.', '', ''),
(539, ' गुणराज श्रेष्ठ', '9855066464', '', 3, NULL, 4, 1, '', 'नेपाल', 'वागमती', 'चितवन', 'खैरहनी न.पा.', '', ''),
(540, 'मलनाथ भुषाल', '9845303241', '', 3, NULL, 4, 1, '', 'नेपाल', 'वागमती', 'चितवन', 'माडी न.पा.', '', ''),
(541, 'प्रल्हाद सापकोटा', '9855062953', '', 3, NULL, 4, 1, '', 'नेपाल', 'वागमती', 'चितवन', 'रत्ननगर न.पा.', '', ''),
(542, 'देवेन्द्र लामा ', '9855050610', '', 3, NULL, 4, 1, '', 'नेपाल', 'वागमती', 'चितवन', 'राप्ती न.पा.', '', ''),
(543, 'किर्तिकुमार श्रेष्ठ ', '9855056185', '', 3, NULL, 4, 1, '', 'नेपाल', 'वागमती', 'चितवन', 'इच्छाकामना', '', ''),
(544, 'उत्सव इटेनी', '9855067595', '', 3, NULL, 4, 1, '', 'नेपाल', 'वागमती', 'मकवानपुर', 'हेटौडा उ.म.न.पा.', '', ''),
(545, 'प्रमोद जोशी', '9841836531', '', 3, NULL, 4, 1, '', 'नेपाल', 'वागमती', 'मकवानपुर', 'थाहा न.पा.', '', ''),
(546, 'फनिद्र तिमिल्सीना', '9845042954', '', 3, NULL, 4, 1, '', 'नेपाल', 'वागमती', 'मकवानपुर', 'बागमती', '', ''),
(547, 'दील बहादुुर बोमजन', '9855070715', '', 3, NULL, 4, 1, '', 'नेपाल', 'वागमती', 'मकवानपुर', 'बकैया', '', ''),
(548, 'सन्जीव श्रेठ', '9855077293', '', 3, NULL, 4, 1, '', 'नेपाल', 'वागमती', 'मकवानपुर', 'भीमफेदी', '', ''),
(549, 'प्रकाश वर्र्तोैला', '9851237527', '', 3, NULL, 4, 1, '', 'नेपाल', 'वागमती', 'मकवानपुर', 'मनहरी', '', ''),
(550, 'राज बिर मोक्तान', '9845598192', '', 3, NULL, 4, 1, '', 'नेपाल', 'वागमती', 'मकवानपुर', 'मकवानपुरगढी', '', ''),
(551, 'बिरेन्द्र जिम्बा', '9845598993', '', 3, NULL, 4, 1, '', 'नेपाल', 'वागमती', 'मकवानपुर', 'राक्सिराङ', '', ''),
(552, 'राजेन्द्र घिसिङ', '9855031250', '', 3, NULL, 4, 1, '', 'नेपाल', 'वागमती', 'मकवानपुर', 'कैलाश', '', ''),
(553, 'विश्व लामा', '9841528615', '', 3, NULL, 4, 1, '', 'नेपाल', 'वागमती', 'मकवानपुर', 'इन्द्रसरोवर', '', ''),
(554, 'शुभानद धाख्वा', '9851191253', '', 3, NULL, 4, 1, '', 'नेपाल', 'वागमती', 'ललितपुर', 'ललितपुर म.न.पा.', '', ''),
(555, 'प्रदिप जोशी', '9841297300', '', 3, NULL, 4, 1, '', 'नेपाल', 'वागमती', 'ललितपुर', 'गोदावरी न.पा.', '', ''),
(556, 'दिपाकर सिलवाल', '9851002315', '', 3, NULL, 4, 1, '', 'नेपाल', 'वागमती', 'ललितपुर', 'महालक्ष्मी न.पा.', '', ''),
(557, 'विर बहादुर लोचन', '9841335585', '', 3, NULL, 4, 1, '', 'नेपाल', 'वागमती', 'ललितपुर', 'बागमती', '', ''),
(558, 'खुम प्रसाद दाहाल', '9851106581', '', 3, NULL, 4, 1, '', 'नेपाल', 'वागमती', 'ललितपुर', 'महांकाल', '', ''),
(559, 'सराज घलान', '9851059229', '', 3, NULL, 4, 1, '', 'नेपाल', 'वागमती', 'ललितपुर', 'कोन्ज्योसोम', '', ''),
(560, 'निलकाजी शाक्य', '9841785111', '', 3, NULL, 4, 1, '', 'नेपाल', 'वागमती', 'काठमाण्डौ', 'काठमाडौँ महानगरपालिका', '', ''),
(561, 'उद्वव दाहाल', '9851184546', '', 3, NULL, 4, 1, '', 'नेपाल', 'वागमती', 'काठमाण्डौ', 'कागेश्वरी मनोहरा न.पा.', '', ''),
(562, 'कृष्णमान डंगोल', '9849052978', '', 3, NULL, 4, 1, '', 'नेपाल', 'वागमती', 'काठमाण्डौ', 'कीर्तिपुर न.पा.', '', ''),
(563, 'कुमार लामा', '9801089217', '', 3, NULL, 4, 1, '', 'नेपाल', 'वागमती', 'काठमाण्डौ', 'गोकर्णेश्वर न.पा.', '', ''),
(564, 'घनश्याम गिरी', '9851050816', '', 3, NULL, 4, 1, '', 'नेपाल', 'वागमती', 'काठमाण्डौ', 'चन्द्रगिरी न.पा.', '', ''),
(565, 'ओम बिमली', '9851035159', '', 3, NULL, 4, 1, '', 'नेपाल', 'वागमती', 'काठमाण्डौ', 'टोखा न.पा.', '', ''),
(566, 'कृष्ण हरी महर्जन', '9851003647', '', 3, NULL, 4, 1, '', 'नेपाल', 'वागमती', 'काठमाण्डौ', 'तारकेश्वर न.पा.', '', ''),
(567, 'मोहन बस्नेत', '9841615262', '', 3, NULL, 4, 1, '', 'नेपाल', 'वागमती', 'काठमाण्डौ', 'दक्षिणकाली न.पा.', '', ''),
(568, 'दुर्गा गौतम', '9841286564', '', 3, NULL, 4, 1, '', 'नेपाल', 'वागमती', 'काठमाण्डौ', 'नागर्जुन न.पा.', '', ''),
(569, 'राजाराम बुढाथोकी', '9851006152', '', 3, NULL, 4, 1, '', 'नेपाल', 'वागमती', 'काठमाण्डौ', 'बुढानीलकण्ठ न.पा.', '', ''),
(570, 'दिलिप श्रेष्ठ', '9841655959', '', 3, NULL, 4, 1, '', 'नेपाल', 'वागमती', 'काठमाण्डौ', 'शंकरापुर न.पा.', '', ''),
(571, 'शिवहरि के.सी. ', '9951218757', '', 3, NULL, 4, 1, '', 'नेपाल', 'वागमती', 'भक्तपुर', 'चाँगुनारायण न.पा.', '', ''),
(572, 'राजेन्द्र तमखु', '9851038957', '', 3, NULL, 4, 1, '', 'नेपाल', 'वागमती', 'भक्तपुर', 'भक्तपुर न.पा.', '', ''),
(573, ' हरिदास प्रजापति', '9851029358', '', 3, NULL, 4, 1, '', 'नेपाल', 'वागमती', 'भक्तपुर', 'मध्यपुरठिमी न.पा.', '', ''),
(574, 'निशाल ढुंगेल', '9851194304', '', 3, NULL, 4, 1, '', 'नेपाल', 'वागमती', 'भक्तपुर', 'सूर्यविनायक न.पा.', '', ''),
(575, 'चन्दनवावु खत्री', '9856040433', '', 3, NULL, 4, 1, '', 'नेपाल', 'गण्डकी', 'गोरखा', 'गोरखा न.पा. ', '', ''),
(576, 'बिमल ढकाल', '9841244860', '', 3, NULL, 4, 1, '', 'नेपाल', 'गण्डकी', 'गोरखा', 'पालुङटार न.पा.', '', ''),
(577, 'सुर्य गुरुङ्ग', '9856087326', '', 3, NULL, 4, 1, '', 'नेपाल', 'गण्डकी', 'गोरखा', 'चुमनुव्री ', '', ''),
(578, 'सन्तोष गुरुङ्ग', '9856004052', '', 3, NULL, 4, 1, '', 'नेपाल', 'गण्डकी', 'गोरखा', 'धार्चे', '', ''),
(579, 'जंगबहादुर गुरुङ्ग', '9856071232', '', 3, NULL, 4, 1, '', 'नेपाल', 'गण्डकी', 'गोरखा', 'अजिरकोट', '', ''),
(580, 'राजु गुरुङ्ग', '9841822269', '', 3, NULL, 4, 1, '', 'नेपाल', 'गण्डकी', 'गोरखा', 'आरुघाट', '', ''),
(581, 'नारायणप्रसाद भट्टराई', '9851218565', '', 3, NULL, 4, 1, '', 'नेपाल', 'गण्डकी', 'गोरखा', 'भीमसेन थापा', '', ''),
(582, 'भक्तबहादुर गुरुङ्ग', '9846121817', '', 3, NULL, 4, 1, '', 'नेपाल', 'गण्डकी', 'गोरखा', 'सिरानचोक', '', ''),
(583, 'काशीनाथ अंगाई', '9856040320', '', 3, NULL, 4, 1, '', 'नेपाल', 'गण्डकी', 'गोरखा', 'शहीद लखन', '', ''),
(584, 'जित बहादुर घले', '9856040022', '', 3, NULL, 4, 1, '', 'नेपाल', 'गण्डकी', 'गोरखा', 'सुलीकोट', '', ''),
(585, 'होमबहादुर राना', '9856040100', '', 3, NULL, 4, 1, '', 'नेपाल', 'गण्डकी', 'गोरखा', 'गण्डकी', '', ''),
(586, 'शरणहरि जोशी', '9856045970', '', 3, NULL, 4, 1, '', 'नेपाल', 'गण्डकी', 'लम्जुङ', 'वेशीशहर न.पा.', '', ''),
(587, 'बसन्तराज घिमिरे', '9846604530', '', 3, NULL, 4, 1, '', 'नेपाल', 'गण्डकी', 'लम्जुङ', 'मध्यनेपाल न.पा.', '', ''),
(588, 'श्रीकृष्ण पौडेल', '9856088828', '', 3, NULL, 4, 1, '', 'नेपाल', 'गण्डकी', 'लम्जुङ', 'राईनास न.पा.', '', ''),
(589, 'प्रकाश सेढाई', '9851084211', '', 3, NULL, 4, 1, '', 'नेपाल', 'गण्डकी', 'लम्जुङ', 'सुन्दरबजार न.पा.', '', ''),
(590, 'कृष्णबहादुर गुरुङ्ग', '9846272399', '', 3, NULL, 4, 1, '', 'नेपाल', 'गण्डकी', 'लम्जुङ', 'मस्र्याङ्दी', '', ''),
(591, 'विच्छबहादुर घले', '9846409913', '', 3, NULL, 4, 1, '', 'नेपाल', 'गण्डकी', 'लम्जुङ', 'दोर्दी', '', ''),
(592, 'पसबहादुर गुरुङ्ग', '9846358645', '', 3, NULL, 4, 1, '', 'नेपाल', 'गण्डकी', 'लम्जुङ', 'क्व्होलासोथार', '', ''),
(593, 'मेखराज गुरुङ्ग', '9856045835', '', 3, NULL, 4, 1, '', 'नेपाल', 'गण्डकी', 'लम्जुङ', 'दुधपोखरी', '', ''),
(594, 'राम कुमार श्रेष्ठ', '9846055510', '', 3, NULL, 4, 1, '', 'नेपाल', 'गण्डकी', 'तनहुँ', 'भानु न.पा.', '', ''),
(595, 'अरविन श्रेष्ठ', '9856030350', '', 3, NULL, 4, 1, '', 'नेपाल', 'गण्डकी', 'तनहुँ', 'भीमाद न.पा.', '', ''),
(596, 'सुर्यचन्द्र हड्खले', '9856059851', '', 3, NULL, 4, 1, '', 'नेपाल', 'गण्डकी', 'तनहुँ', 'व्यास न.पा.', '', ''),
(597, 'गोपि बहादुर गुरुङ्ग', '9842007230', '', 3, NULL, 4, 1, '', 'नेपाल', 'गण्डकी', 'तनहुँ', 'शुक्लागण्डकी न.पा.', '', ''),
(598, 'विष्णु बहादुर पन्त', '9851164439', '', 3, NULL, 4, 1, '', 'नेपाल', 'गण्डकी', 'तनहुँ', 'आँबु खैरेनी', '', ''),
(599, 'तिल बहादुर थापा', '9846497598', '', 3, NULL, 4, 1, '', 'नेपाल', 'गण्डकी', 'तनहुँ', 'ऋसिङ', '', ''),
(600, 'याम बहादुर थापा', '9846000101', '', 3, NULL, 4, 1, '', 'नेपाल', 'गण्डकी', 'तनहुँ', 'घिरिङ', '', ''),
(601, 'तिल बहादुर थापा', '9865377532', '', 3, NULL, 4, 1, '', 'नेपाल', 'गण्डकी', 'तनहुँ', 'देवघाट', '', ''),
(602, 'कर्ण बहादुर खत्री', '9846105727', '', 3, NULL, 4, 1, '', 'नेपाल', 'गण्डकी', 'तनहुँ', 'वन्दीपुर', '', ''),
(603, 'रामभक्त घिमिरे', '9846043476', '', 3, NULL, 4, 1, '', 'नेपाल', 'गण्डकी', 'तनहुँ', 'म्याग्दे ', '', ''),
(604, 'श्याम प्रसाद बस्याल', '9856028675', '', 3, NULL, 4, 1, '', 'नेपाल', 'गण्डकी', 'स्याङ्जा', 'गल्याङ न.पा.', '', ''),
(605, 'विक्रमबहादुर सारु', '9846095832', '', 3, NULL, 4, 1, '', 'नेपाल', 'गण्डकी', 'स्याङ्जा', 'चापाकोट न.पा.', '', ''),
(606, 'सुरज कुमार अधिकारी', '9856052681', '', 3, NULL, 4, 1, '', 'नेपाल', 'गण्डकी', 'स्याङ्जा', 'पुतलीबजार न.पा.', '', ''),
(607, 'याम प्रसाद अधिकारी', '9856030988', '', 3, NULL, 4, 1, '', 'नेपाल', 'गण्डकी', 'स्याङ्जा', 'भीरकोट न.पा.', '', ''),
(608, 'नेत्र प्रसाद पाण्डे', '9856055548', '', 3, NULL, 4, 1, '', 'नेपाल', 'गण्डकी', 'स्याङ्जा', 'वालिङ न.पा.', '', ''),
(609, 'डोलराज पोखरेल', '9856033428', '', 3, NULL, 4, 1, '', 'नेपाल', 'गण्डकी', 'स्याङ्जा', 'विरुवा', '', ''),
(610, 'नरेन्द्रराज पौडेल', '9851054694', '', 3, NULL, 4, 1, '', 'नेपाल', 'गण्डकी', 'स्याङ्जा', 'आँधीखोला', '', ''),
(611, 'नर बहादुर राना', '9867587625', '', 3, NULL, 4, 1, '', 'नेपाल', 'गण्डकी', 'स्याङ्जा', 'कालीगण्डकी', '', ''),
(612, 'महेन्द्र थापा', '9856057572', '', 3, NULL, 4, 1, '', 'नेपाल', 'गण्डकी', 'स्याङ्जा', 'फेदीखोला', '', ''),
(613, 'टोप बहादुर भुजेल', '9856052053', '', 3, NULL, 4, 1, '', 'नेपाल', 'गण्डकी', 'स्याङ्जा', 'हरिनास', '', ''),
(614, 'विष्णु प्रसाद काफ्ले', '9856050489', '', 3, NULL, 4, 1, '', 'नेपाल', 'गण्डकी', 'स्याङ्जा', 'अर्जुनचौपारी', '', ''),
(615, 'सुरेन्द्रमान विजुक्छे', '9856024063', '', 3, NULL, 4, 1, '', 'नेपाल', 'गण्डकी', 'कास्की', 'पोखरा लेखनाथ म.न.पा.', '', ''),
(616, 'विमलवावु न्यौपाने', '9856058493', '', 3, NULL, 4, 1, '', 'नेपाल', 'गण्डकी', 'कास्की', 'रुपा', '', ''),
(617, 'यम वहादुर गुरुङ्ग', '9856006073', '', 3, NULL, 4, 1, '', 'नेपाल', 'गण्डकी', 'कास्की', 'मादी', '', ''),
(618, 'विरेन्द्र गुरुङ्ग', '9856017301', '', 3, NULL, 4, 1, '', 'नेपाल', 'गण्डकी', 'कास्की', 'माछापुछ«े', '', ''),
(619, 'मनपति भण्डारी', '9856020280', '', 3, NULL, 4, 1, '', 'नेपाल', 'गण्डकी', 'कास्की', 'अन्नपूर्ण', '', ''),
(620, 'मिङमा छिरिङ लामा', '9843413083', '', 3, NULL, 4, 1, '', 'नेपाल', 'गण्डकी', 'मनाङ', 'नार्फु (नार्पाभुमी)', '', ''),
(621, 'पेम्वा धोर्जे लामा', '9846121700', '', 3, NULL, 4, 1, '', 'नेपाल', 'गण्डकी', 'मनाङ', 'चामे', '', ''),
(622, 'हुप जंग गुरुङ', '9846368418', '', 3, NULL, 4, 1, '', 'नेपाल', 'गण्डकी', 'मनाङ', 'नासोङ', '', ''),
(623, 'कान्छा गुरुङ', '9841177045', '', 3, NULL, 4, 1, '', 'नेपाल', 'गण्डकी', 'मनाङ', 'नेस्याङ', '', ''),
(624, 'रविन्द्र कार्की', '9851092691', '', 3, NULL, 4, 1, '', 'नेपाल', 'गण्डकी', 'म्याग्दी', 'वेनी न.पा.', '', ''),
(625, 'नरसिंहबहादुर खत्री', '9867708225', '', 3, NULL, 4, 1, '', 'नेपाल', 'गण्डकी', 'म्याग्दी', 'मंगला', '', ''),
(626, 'खिमबहादुर पुन', '9846695525', '', 3, NULL, 4, 1, '', 'नेपाल', 'गण्डकी', 'म्याग्दी', 'मालिका', '', ''),
(627, 'प्रेम प्रसाद पुन', '9857658646', '', 3, NULL, 4, 1, '', 'नेपाल', 'गण्डकी', 'म्याग्दी', 'धवलागिरी ', '', ''),
(628, 'मनकुमार शेरपुन्ज', '1', '', 3, NULL, 4, 1, '', 'नेपाल', 'गण्डकी', 'म्याग्दी', 'रघुगंगा', '', ''),
(629, 'कृष्णबहादुर वरुवाल', '9857625078', '', 3, NULL, 4, 1, '', 'नेपाल', 'गण्डकी', 'म्याग्दी', 'अन्नपूर्ण', '', ''),
(630, 'किशोर भण्डारी', '9847636514', '', 3, NULL, 4, 1, '', 'नेपाल', 'गण्डकी', 'पर्वत', 'कुश्मा न.पा.', '', ''),
(631, 'हिरामणी सापकोटा', '9857630516', '', 3, NULL, 4, 1, '', 'नेपाल', 'गण्डकी', 'पर्वत', 'फलेवास न.पा.', '', ''),
(632, 'विष्णुप्रसाद भुषाल', '9847714388', '', 3, NULL, 4, 1, '', 'नेपाल', 'गण्डकी', 'पर्वत', 'विहादी', '', ''),
(633, 'इन्दुप्रकाश पौडेल', '9857638213', '', 3, NULL, 4, 1, '', 'नेपाल', 'गण्डकी', 'पर्वत', 'जलजला', '', ''),
(634, 'कृष्णबहादुर गुरुङ्ग', '9847665709', '', 3, NULL, 4, 1, '', 'नेपाल', 'गण्डकी', 'पर्वत', 'महाशिला', '', ''),
(635, 'निर्दोश लामिछाने', '9857631322', '', 3, NULL, 4, 1, '', 'नेपाल', 'गण्डकी', 'पर्वत', 'मोदी', '', ''),
(636, 'डम्बरकुमार प्रधान (प्रदीप)', '9847717944', '', 3, NULL, 4, 1, '', 'नेपाल', 'गण्डकी', 'पर्वत', 'पैयु', '', ''),
(637, 'उमाकान्तशर्मा(वावु)', '9857620008', '', 3, NULL, 4, 1, '', 'नेपाल', 'गण्डकी', 'बाग्लुङ', 'बाग्लुङ न.पा.', '', ''),
(638, 'विरजंग भण्डारी', '9857623162', '', 3, NULL, 4, 1, '', 'नेपाल', 'गण्डकी', 'बाग्लुङ', 'गल्कोट न.पा.', '', ''),
(639, 'प्रेम सापकोटा', '9841260829', '', 3, NULL, 4, 1, '', 'नेपाल', 'गण्डकी', 'बाग्लुङ', 'जैमिनी न.पा.', '', ''),
(640, 'धनवहादुर कामत', '9843512758', '', 3, NULL, 4, 1, '', 'नेपाल', 'गण्डकी', 'बाग्लुङ', 'ढोरपाटन न.पा.', '', ''),
(641, 'कमलापति पाठक', '9847708588', '', 3, NULL, 4, 1, '', 'नेपाल', 'गण्डकी', 'बाग्लुङ', 'ताराखोला', '', ''),
(642, 'यामदत्त कडेल', '9857633318', '', 3, NULL, 4, 1, '', 'नेपाल', 'गण्डकी', 'बाग्लुङ', 'काठेखोला', '', ''),
(643, 'तुलसिरामपौडेल', '9847719927', '', 3, NULL, 4, 1, '', 'नेपाल', 'गण्डकी', 'बाग्लुङ', 'वरेङ', '', ''),
(644, 'कृष्ण गुरुङ', '9857623260', '', 3, NULL, 4, 1, '', 'नेपाल', 'गण्डकी', 'बाग्लुङ', 'बडीगाड', '', ''),
(645, 'सुर्य वहादुर घर्ति', '9846831111', '', 3, NULL, 4, 1, '', 'नेपाल', 'गण्डकी', 'बाग्लुङ', 'निसीखोला', '', ''),
(646, 'लीलाकुमार छन्त्याल', '9841683992', '', 3, NULL, 4, 1, '', 'नेपाल', 'गण्डकी', 'बाग्लुङ', 'तमानखोला', '', ''),
(647, 'शालिकराम ढकाल', '9857040186', '', 3, NULL, 4, 1, '', 'नेपाल', 'गण्डकी', 'नवलपुर', 'कावासोती न.पा.', '', ''),
(648, 'बद्री सापकोटा', '9855046353', '', 3, NULL, 4, 1, '', 'नेपाल', 'गण्डकी', 'नवलपुर', 'गैडाकोट न.पा.', '', ''),
(649, 'डिल्लीराम कडरिया', '9857041377', '', 3, NULL, 4, 1, '', 'नेपाल', 'गण्डकी', 'नवलपुर', 'देवचुली न.पा.', '', ''),
(650, 'दोमनबहादुर भण्डारी', '9864452508', '', 3, NULL, 4, 1, '', 'नेपाल', 'गण्डकी', 'नवलपुर', 'मध्यविन्दु न.पा.', '', ''),
(651, 'के. बि. राना', '9857028170', '', 3, NULL, 4, 1, '', 'नेपाल', 'गण्डकी', 'नवलपुर', 'वुङदीकाली', '', ''),
(652, 'ओमकुमार श्रेष्ठ', '9846629948', '', 3, NULL, 4, 1, '', 'नेपाल', 'गण्डकी', 'नवलपुर', 'वुलिङटार', '', ''),
(653, 'अजितकुमार थापा', '9857027405', '', 3, NULL, 4, 1, '', 'नेपाल', 'गण्डकी', 'नवलपुर', 'विनयी त्रिवेणी', '', ''),
(654, 'बलबहादुर राना', '9857040618', '', 3, NULL, 4, 1, '', 'नेपाल', 'गण्डकी', 'नवलपुर', 'हुप्सेकोट', '', ''),
(655, 'मोहन घिमिरे', '9841529575', '', 3, NULL, 4, 1, '', 'नेपाल', 'लुम्बिनी', 'गुल्मी', 'मुसिकोट न.पा.', '', ''),
(656, 'जयश्वर पन्थी', '9857061822', '', 3, NULL, 4, 1, '', 'नेपाल', 'लुम्बिनी', 'गुल्मी', 'रेसुङ्गा न.पा.', '', ''),
(657, 'कृष्ण रिजाल', '9847050110', '', 3, NULL, 4, 1, '', 'नेपाल', 'लुम्बिनी', 'गुल्मी', 'ईस्मा', '', ''),
(658, 'निमबहादुर श्रीस', '9857081811', '', 3, NULL, 4, 1, '', 'नेपाल', 'लुम्बिनी', 'गुल्मी', 'कालीगण्डकी', '', ''),
(659, 'प्रेम पुन', '9869928960', '', 3, NULL, 4, 1, '', 'नेपाल', 'लुम्बिनी', 'गुल्मी', 'गुल्मीदरवार', '', ''),
(660, 'विष्णुप्रसाद भण्डारी', '9857061719', '', 3, NULL, 4, 1, '', 'नेपाल', 'लुम्बिनी', 'गुल्मी', 'सत्यवती', '', ''),
(661, 'विष्णुप्रसाद भण्डारी', '9857036012', '', 3, NULL, 4, 1, '', 'नेपाल', 'लुम्बिनी', 'गुल्मी', 'चन्द्रकोट', '', ''),
(662, 'देविन्द्र मल्ल', '9857061804', '', 3, NULL, 4, 1, '', 'नेपाल', 'लुम्बिनी', 'गुल्मी', 'रुरु', '', ''),
(663, 'धातानन्द भुषाल', '9857061867', '', 3, NULL, 4, 1, '', 'नेपाल', 'लुम्बिनी', 'गुल्मी', 'छत्रकोट', '', ''),
(664, 'हरिबहादुर थापा', '9847586392', '', 3, NULL, 4, 1, '', 'नेपाल', 'लुम्बिनी', 'गुल्मी', 'धुर्कोट', '', ''),
(665, 'महेनद्र कुँवर', '9857027942', '', 3, NULL, 4, 1, '', 'नेपाल', 'लुम्बिनी', 'गुल्मी', 'मदाने', '', ''),
(666, 'उपेन्द्र अर्याल', '9857067592', '', 3, NULL, 4, 1, '', 'नेपाल', 'लुम्बिनी', 'गुल्मी', 'मालिका', '', ''),
(667, 'नेत्रप्रसाद भट्टराई', '9857034317', '', 3, NULL, 4, 1, '', 'नेपाल', 'लुम्बिनी', 'पाल्पा', 'रामपुर न.पा.', '', ''),
(668, 'सुवर्णमुनी शाक्य', '9857012543', '', 3, NULL, 4, 1, '', 'नेपाल', 'लुम्बिनी', 'पाल्पा', 'तानसेन न.पा.', '', ''),
(669, 'पूर्णबहादुर खाँण', '9867185847', '', 3, NULL, 4, 1, '', 'नेपाल', 'लुम्बिनी', 'पाल्पा', 'निस्दी', '', ''),
(670, 'विष्णुदेवी आचार्य', '9847043301', '', 3, NULL, 4, 1, '', 'नेपाल', 'लुम्बिनी', 'पाल्पा', 'पूर्वखोला', '', ''),
(671, 'ऋषिराम अर्याल', '9857065329', '', 3, NULL, 4, 1, '', 'नेपाल', 'लुम्बिनी', 'पाल्पा', 'रम्भा', '', ''),
(672, 'दिपक थापा', '9869041369', '', 3, NULL, 4, 1, '', 'नेपाल', 'लुम्बिनी', 'पाल्पा', 'माथागढी', '', ''),
(673, 'प्रेमप्रसाद पाण्डे', '9857030195', '', 3, NULL, 4, 1, '', 'नेपाल', 'लुम्बिनी', 'पाल्पा', 'तिनाउ', '', ''),
(674, 'ठानेश्वर तिमिल्सीना', '9857060118', '', 3, NULL, 4, 1, '', 'नेपाल', 'लुम्बिनी', 'पाल्पा', 'वगनासकाली', '', ''),
(675, 'रामचन्द्र पाण्डे', '9867016936', '', 3, NULL, 4, 1, '', 'नेपाल', 'लुम्बिनी', 'पाल्पा', 'रिब्दिकोट', '', ''),
(676, 'विष्णुप्रसाद पोखरेल', '9857069844', '', 3, NULL, 4, 1, '', 'नेपाल', 'लुम्बिनी', 'पाल्पा', 'रैनादेवी छहरा', '', ''),
(677, 'दामोदर जि.सी.', '9847070057', '', 3, NULL, 4, 1, '', 'नेपाल', 'लुम्बिनी', 'नवलपरासी', 'वर्दघाट न.पा.', '', ''),
(678, 'श्रीधर बस्याल', '9857027560', '', 3, NULL, 4, 1, '', 'नेपाल', 'लुम्बिनी', 'नवलपरासी', 'रामग्राम न.पा.', '', ''),
(679, 'सोम बहादुर रायमाझी', '9857045888', '', 3, NULL, 4, 1, '', 'नेपाल', 'लुम्बिनी', 'नवलपरासी', 'सुनवल न.पा.', '', ''),
(680, 'रविन्द्र कुमार बानिया', '9847467559', '', 3, NULL, 4, 1, '', 'नेपाल', 'लुम्बिनी', 'नवलपरासी', 'त्रिवेणी सुस्ता', '', ''),
(681, 'हरिहर चौहान', '9847041987', '', 3, NULL, 4, 1, '', 'नेपाल', 'लुम्बिनी', 'नवलपरासी', 'पाल्हीनन्दन ', '', ''),
(682, 'राजु अधिकारी', '\n9765244797', '', 3, NULL, 4, 1, '', 'नेपाल', 'लुम्बिनी', 'नवलपरासी', 'प्रतापपुर', '', ''),
(683, 'विनोद कुमार पाण्डेय', '9847155087', '', 3, NULL, 4, 1, '', 'नेपाल', 'लुम्बिनी', 'नवलपरासी', 'सरावल', '', ''),
(684, 'खेलराज पाण्डे', '9857031255', '', 3, NULL, 4, 1, '', 'नेपाल', 'लुम्बिनी', 'रुपन्देही', 'वुटवल उपमहानगरपालिका', '', ''),
(685, 'गुणाखर भुर्तेल', '9857023264', '', 3, NULL, 4, 1, '', 'नेपाल', 'लुम्बिनी', 'रुपन्देही', 'देवदह न.पा.', '', ''),
(686, 'मो. शरद खाँ', '9857010765', '', 3, NULL, 4, 1, '', 'नेपाल', 'लुम्बिनी', 'रुपन्देही', 'लुम्बिनी सांस्कृतिक न.पा.', '', ''),
(687, 'रणबहादुर खनाल', '9857021277', '', 3, NULL, 4, 1, '', 'नेपाल', 'लुम्बिनी', 'रुपन्देही', 'सैनामैना न.पा.', '', ''),
(688, 'कोशिषबहादुर खड्का', '9857024402', '', 3, NULL, 4, 1, '', 'नेपाल', 'लुम्बिनी', 'रुपन्देही', 'सिद्धार्थनगर न.पा.', '', ''),
(689, 'हरिलाल पाण्डे', '9857035527', '', 3, NULL, 4, 1, '', 'नेपाल', 'लुम्बिनी', 'रुपन्देही', 'तिलोत्तमा न.पा. ', '', ''),
(690, 'योगेन्द्र चौधरी', '9807433562', '', 3, NULL, 4, 1, '', 'नेपाल', 'लुम्बिनी', 'रुपन्देही', 'गैडहवा', '', ''),
(691, 'देवीराम रेग्मी', '9866846824', '', 3, NULL, 4, 1, '', 'नेपाल', 'लुम्बिनी', 'रुपन्देही', 'कंचन', '', ''),
(692, 'अवधराम यादव', '9821507443', '', 3, NULL, 4, 1, '', 'नेपाल', 'लुम्बिनी', 'रुपन्देही', 'कोटहीमाई', '', ''),
(693, 'जनार्दन यादव', '9867325817', '', 3, NULL, 4, 1, '', 'नेपाल', 'लुम्बिनी', 'रुपन्देही', 'मर्चवारी', '', ''),
(694, 'पदम भण्डारी', '9857014281', '', 3, NULL, 4, 1, '', 'नेपाल', 'लुम्बिनी', 'रुपन्देही', 'मायादेवी ', '', ''),
(695, 'भगवानप्रसाद चौधरी', '9847018799', '', 3, NULL, 4, 1, '', 'नेपाल', 'लुम्बिनी', 'रुपन्देही', 'ओमसतिया', '', ''),
(696, 'पारसनाथ योगी', '9847216436', '', 3, NULL, 4, 1, '', 'नेपाल', 'लुम्बिनी', 'रुपन्देही', 'रोहिणी', '', ''),
(697, 'रमेशप्रसाद यादव', '9847278036', '', 3, NULL, 4, 1, '', 'नेपाल', 'लुम्बिनी', 'रुपन्देही', 'सम्मरीमाई ', '', ''),
(698, 'गोपाल पाण्डे', '9847012399', '', 3, NULL, 4, 1, '', 'नेपाल', 'लुम्बिनी', 'रुपन्देही', 'सियारी', '', ''),
(699, 'दामोदर पौडेल', '9857042028', '', 3, NULL, 4, 1, '', 'नेपाल', 'लुम्बिनी', 'रुपन्देही', 'शुद्धोधन', '', ''),
(700, 'खुसेद अहमद खाँ', '9846030374', '', 3, NULL, 4, 1, '', 'नेपाल', 'लुम्बिनी', 'कपिलवस्तु', 'कपिलवस्तु न.पा.', '', ''),
(701, 'माधव दमासे', '9857031260', '', 3, NULL, 4, 1, '', 'नेपाल', 'लुम्बिनी', 'कपिलवस्तु', 'वुद्धभुमी न.पा.', '', ''),
(702, 'मधुसुदन पोखरेल', '9857030974', '', 3, NULL, 4, 1, '', 'नेपाल', 'लुम्बिनी', 'कपिलवस्तु', 'शिवराज न.पा.', '', ''),
(703, 'राम अचल कुर्मी', '9847541912', '', 3, NULL, 4, 1, '', 'नेपाल', 'लुम्बिनी', 'कपिलवस्तु', 'महाराजगञ्ज न.पा.', '', ''),
(704, 'विनयकुमार गिरी', '9847084400', '', 3, NULL, 4, 1, '', 'नेपाल', 'लुम्बिनी', 'कपिलवस्तु', 'कृष्णनगर न.पा.', '', ''),
(705, 'विष्णु थापा', '9857051364', '', 3, NULL, 4, 1, '', 'नेपाल', 'लुम्बिनी', 'कपिलवस्तु', 'वाणगंगा न.पा.', '', ''),
(706, 'सुरेन्द्रकुमार द्विवेदी', '9867225200', '', 3, NULL, 4, 1, '', 'नेपाल', 'लुम्बिनी', 'कपिलवस्तु', 'मायादेवी', '', ''),
(707, 'जगदीश पाण्डेय', '9824467479', '', 3, NULL, 4, 1, '', 'नेपाल', 'लुम्बिनी', 'कपिलवस्तु', 'यशोधरा', '', ''),
(708, 'विशम्भर कुर्मी', '9806930507', '', 3, NULL, 4, 1, '', 'नेपाल', 'लुम्बिनी', 'कपिलवस्तु', 'शुद्धोधन', '', ''),
(709, 'रफिक महम्मद', '9847132580', '', 3, NULL, 4, 1, '', 'नेपाल', 'लुम्बिनी', 'कपिलवस्तु', 'विजयनगर', '', ''),
(710, 'वावुराम भुषाल', '9857063037', '', 3, NULL, 4, 1, '', 'नेपाल', 'लुम्बिनी', 'अर्घाखाँची', 'सन्धीखर्क न.पा.', '', ''),
(711, 'मोहनप्रसाद पन्थी', '9847072393', '', 3, NULL, 4, 1, '', 'नेपाल', 'लुम्बिनी', 'अर्घाखाँची', 'शितगंगा न.पा.', '', ''),
(712, 'खडानन्द बेलवासे', '9857028304', '', 3, NULL, 4, 1, '', 'नेपाल', 'लुम्बिनी', 'अर्घाखाँची', 'भूमिकास्थान न.पा.', '', ''),
(713, 'प्रकाशराज पन्थी', '9857034721', '', 3, NULL, 4, 1, '', 'नेपाल', 'लुम्बिनी', 'अर्घाखाँची', 'छत्रदेव ', '', ''),
(714, 'तुल्सी पौडेल', '9857030104', '', 3, NULL, 4, 1, '', 'नेपाल', 'लुम्बिनी', 'अर्घाखाँची', 'पाणिनी', '', ''),
(715, 'शोभाखर खनाल', '9857063434', '', 3, NULL, 4, 1, '', 'नेपाल', 'लुम्बिनी', 'अर्घाखाँची', 'मालारानी', '', ''),
(716, 'नेत्र के.सी.', '9857833341', '', 3, NULL, 4, 1, '', 'नेपाल', 'लुम्बिनी', 'प्यूठान', 'प्यूठान न.पा.', '', ''),
(717, 'गिरबहादुर घर्तीमगर', '9857833305', '', 3, NULL, 4, 1, '', 'नेपाल', 'लुम्बिनी', 'प्यूठान', 'स्वर्गद्वारी न.पा.', '', ''),
(718, 'प्रकाश अधिकारी', '9847848133', '', 3, NULL, 4, 1, '', 'नेपाल', 'लुम्बिनी', 'प्यूठान', 'माण्डवी', '', ''),
(719, 'लक्ष्मण जि.सी.', '9847974525', '', 3, NULL, 4, 1, '', 'नेपाल', 'लुम्बिनी', 'प्यूठान', 'सरुमारानी', '', ''),
(720, 'रमेश श्रेष्ठ', '9857831892', '', 3, NULL, 4, 1, '', 'नेपाल', 'लुम्बिनी', 'प्यूठान', 'मल्लरानी', '', ''),
(721, 'देवीराम पुन', '9857833879', '', 3, NULL, 4, 1, '', 'नेपाल', 'लुम्बिनी', 'प्यूठान', 'नौबहिनी', '', ''),
(722, 'मिनराज भट्टराई', '9847820911', '', 3, NULL, 4, 1, '', 'नेपाल', 'लुम्बिनी', 'प्यूठान', 'झिमरुक', '', ''),
(723, 'अमर रेश्मी मगर', '9851158237', '', 3, NULL, 4, 1, '', 'नेपाल', 'लुम्बिनी', 'प्यूठान', 'ऐरावती', '', ''),
(724, 'चन्द्रप्रसाद आचार्य', '9857821233', '', 3, NULL, 4, 1, '', 'नेपाल', 'लुम्बिनी', 'रोल्पा', 'रोल्पा न.पा.', '', ''),
(725, 'दुर्योधन रानामगर', '985885525', '', 3, NULL, 4, 1, '', 'नेपाल', 'लुम्बिनी', 'रोल्पा', 'त्रिवेणी', '', ''),
(726, 'खड्गबहादुर घर्तीमगर', '9868608001', '', 3, NULL, 4, 1, '', 'नेपाल', 'लुम्बिनी', 'रोल्पा', 'परिवर्तन (दुईखोली)', '', ''),
(727, 'नवराज डागी', '9844999400', '', 3, NULL, 4, 1, '', 'नेपाल', 'लुम्बिनी', 'रोल्पा', 'माडी', '', ''),
(728, 'जनक पुनमगर', '9857855518', '', 3, NULL, 4, 1, '', 'नेपाल', 'लुम्बिनी', 'रोल्पा', 'रुन्टीगढी', '', ''),
(729, 'जनक खड्का', '9857830658', '', 3, NULL, 4, 1, '', 'नेपाल', 'लुम्बिनी', 'रोल्पा', 'लुङग्री', '', ''),
(730, 'मिनबहादुर खड्का', '9847851087', '', 3, NULL, 4, 1, '', 'नेपाल', 'लुम्बिनी', 'रोल्पा', 'गंगादेव (सुकिदह)', '', ''),
(731, 'कोमबहादुर वुढामगर', '9857820058', '', 3, NULL, 4, 1, '', 'नेपाल', 'लुम्बिनी', 'रोल्पा', 'सुनछहरी', '', ''),
(732, 'मनबहादुर गिरी', '9847922939', '', 3, NULL, 4, 1, '', 'नेपाल', 'लुम्बिनी', 'रोल्पा', 'सुनिल स्मृति (सुवर्णावती)', '', ''),
(733, 'खरिलाल डाँगी', '9868603399', '', 3, NULL, 4, 1, '', 'नेपाल', 'लुम्बिनी', 'रोल्पा', 'थवाङ', '', ''),
(734, 'तपस वुढामगर', '9867276164', '', 3, NULL, 4, 1, '', 'नेपाल', 'लुम्बिनी', 'रुकुम (पूर्व)', 'पुथा उत्तरगंगा', '', ''),
(735, 'दिनेश रोकामगर', '9847937779', '', 3, NULL, 4, 1, '', 'नेपाल', 'लुम्बिनी', 'रुकुम (पूर्व)', 'भूमे', '', ''),
(736, 'मदन वि.सी.', '9866908670', '', 3, NULL, 4, 1, '', 'नेपाल', 'लुम्बिनी', 'रुकुम (पूर्व)', 'सिस्ने', '', ''),
(737, 'सुरेश हमाल', '9857820001', '', 3, NULL, 4, 1, '', 'नेपाल', 'लुम्बिनी', 'दाङ', 'तुल्सीपुर उ.म.पा.', '', ''),
(738, 'तिलक रावत', '9857834580', '', 3, NULL, 4, 1, '', 'नेपाल', 'लुम्बिनी', 'दाङ', 'घोराही उ.म.पा.', '', ''),
(739, 'सन्तोष वुढाथोकी', '9857832152', '', 3, NULL, 4, 1, '', 'नेपाल', 'लुम्बिनी', 'दाङ', 'लमही न.पा.', '', ''),
(740, 'खगेश्वर अधिकारी', '9847958646\n', '', 3, NULL, 4, 1, '', 'नेपाल', 'लुम्बिनी', 'दाङ', 'बंगलाचुली', '', ''),
(741, 'शम्भु गिरी', '9857820960', '', 3, NULL, 4, 1, '', 'नेपाल', 'लुम्बिनी', 'दाङ', 'दंगीशरण', '', ''),
(742, 'किरण पौडेल', '9857821774', '', 3, NULL, 4, 1, '', 'नेपाल', 'लुम्बिनी', 'दाङ', 'गढवा', '', ''),
(743, 'नरेन्द्र भण्डारी', '9812845671', '', 3, NULL, 4, 1, '', 'नेपाल', 'लुम्बिनी', 'दाङ', 'राजपुर', '', ''),
(744, 'विद्याशरण चौधरी', '9846892035', '', 3, NULL, 4, 1, '', 'नेपाल', 'लुम्बिनी', 'दाङ', 'राप्ती', '', ''),
(745, 'झलक के.सी.', '9857821375', '', 3, NULL, 4, 1, '', 'नेपाल', 'लुम्बिनी', 'दाङ', 'शान्तिनगर', '', ''),
(746, 'प्रकाश वस्नेत', '9857867200', '', 3, NULL, 4, 1, '', 'नेपाल', 'लुम्बिनी', 'दाङ', 'बबई', '', ''),
(747, 'प्रशान्त विष्ट', '9858020067', '', 3, NULL, 4, 1, '', 'नेपाल', 'लुम्बिनी', 'बाँके', 'नेपालगंज उ.म.पा.', '', ''),
(748, 'विरेन्द्रकुमार शाह', '9858023138', '', 3, NULL, 4, 1, '', 'नेपाल', 'लुम्बिनी', 'बाँके', 'कोहलपुर न.पा.', '', ''),
(749, 'मेराज अहमद खाँ', '9868036986', '', 3, NULL, 4, 1, '', 'नेपाल', 'लुम्बिनी', 'बाँके', 'नरैनापुर', '', ''),
(750, 'भिम राना', '9841679572', '', 3, NULL, 4, 1, '', 'नेपाल', 'लुम्बिनी', 'बाँके', 'राप्तीसोनारी', '', ''),
(751, 'देवबहादुर खत्री के.सी.', '9858020096', '', 3, NULL, 4, 1, '', 'नेपाल', 'लुम्बिनी', 'बाँके', 'बैजनाथ', '', ''),
(752, 'रमेश सिंजाली', '9848059453', '', 3, NULL, 4, 1, '', 'नेपाल', 'लुम्बिनी', 'बाँके', 'खजुरा', '', ''),
(753, 'विजयकुमार यादव', '9866968152', '', 3, NULL, 4, 1, '', 'नेपाल', 'लुम्बिनी', 'बाँके', 'डुडुवा', '', ''),
(754, 'दयाराम अहिर', '9848029265', '', 3, NULL, 4, 1, '', 'नेपाल', 'लुम्बिनी', 'बाँके', 'जानकी', '', ''),
(755, 'इन्द्रकुमार यादव', '9848095635', '', 3, NULL, 4, 1, '', 'नेपाल', 'लुम्बिनी', 'बर्दिया', 'गुलरिया न.पा.', '', ''),
(756, 'डम्बर के.सी.', '9858024610', '', 3, NULL, 4, 1, '', 'नेपाल', 'लुम्बिनी', 'बर्दिया', 'मधुवन न.पा.', '', ''),
(757, 'महेशकुमार चौधरी', '9848067102', '', 3, NULL, 4, 1, '', 'नेपाल', 'लुम्बिनी', 'बर्दिया', 'राजापुर न.पा.', '', ''),
(758, 'पदमबहादुर खड्का', '9848137948', '', 3, NULL, 4, 1, '', 'नेपाल', 'लुम्बिनी', 'बर्दिया', 'ठाकुरबाबा न.पा.', '', ''),
(759, 'लोहारी थारु', '9848134432', '', 3, NULL, 4, 1, '', 'नेपाल', 'लुम्बिनी', 'बर्दिया', 'बाँसगढी न.पा.', '', ''),
(760, 'सुरेन्द्रबहादुर वोहरा', '9868929351', '', 3, NULL, 4, 1, '', 'नेपाल', 'लुम्बिनी', 'बर्दिया', 'बारबर्दिया न.पा.', '', ''),
(761, 'भगतबहादुर नेपाली', '9848370236', '', 3, NULL, 4, 1, '', 'नेपाल', 'लुम्बिनी', 'बर्दिया', 'बढैयाताल', '', ''),
(762, 'प्रेमबहादुर रावल', '9858025963', '', 3, NULL, 4, 1, '', 'नेपाल', 'लुम्बिनी', 'बर्दिया', 'गेरुवा', '', ''),
(763, 'दिपकबहादुर हमाल', '9857824355', '', 3, NULL, 4, 1, '', 'नेपाल', 'कर्णाली', 'सल्यान', 'शारदा न.पा.', '', ''),
(764, 'दिपेश डि.सी.', '9845041822', '', 3, NULL, 4, 1, '', 'नेपाल', 'कर्णाली', 'सल्यान', 'बागचौर न.पा.', '', ''),
(765, 'पुरुषोत्तम आचार्य', '9869876281', '', 3, NULL, 4, 1, '', 'नेपाल', 'कर्णाली', 'सल्यान', 'बनगाड कुपिण्डे न.पा.', '', ''),
(766, 'टोपबहादुर के.सी.', '9866949245', '', 3, NULL, 4, 1, '', 'नेपाल', 'कर्णाली', 'सल्यान', 'कालिमाटी', '', ''),
(767, 'गंगाराम पुन', '9843921893', '', 3, NULL, 4, 1, '', 'नेपाल', 'कर्णाली', 'सल्यान', 'त्रिवेणी', '', ''),
(768, 'यगराज वली', '9857837009', '', 3, NULL, 4, 1, '', 'नेपाल', 'कर्णाली', 'सल्यान', 'कपुरकोट', '', ''),
(769, 'सिता के.सी.', '9857844402', '', 3, NULL, 4, 1, '', 'नेपाल', 'कर्णाली', 'सल्यान', 'छत्रेश्वरी', '', ''),
(770, 'बिरबहादुर बुढाथोकी', '9809842307', '', 3, NULL, 4, 1, '', 'नेपाल', 'कर्णाली', 'सल्यान', 'शिद्धकुमाख ', '', ''),
(771, 'ईश्वरी शाही', '9848003396', '', 3, NULL, 4, 1, '', 'नेपाल', 'कर्णाली', 'सल्यान', 'कुमाख', '', ''),
(772, 'कृष्णबहादुर वली', '9857822239', '', 3, NULL, 4, 1, '', 'नेपाल', 'कर्णाली', 'सल्यान', 'दार्मागाउँ', '', ''),
(773, 'उपेन्द्रबहादुर खड्का', '9858051962', '', 3, NULL, 4, 1, '', 'नेपाल', 'कर्णाली', 'सुर्खेत', 'वीरेन्द्रनगर न.पा.', '', ''),
(774, 'रामबहादुर सिंह', '9858047200', '', 3, NULL, 4, 1, '', 'नेपाल', 'कर्णाली', 'सुर्खेत', 'भेरीगंगा न.पा.', '', ''),
(775, 'हस्त पुन', '9858085777', '', 3, NULL, 4, 1, '', 'नेपाल', 'कर्णाली', 'सुर्खेत', 'गुर्भाकोट न.पा.', '', ''),
(776, 'कृपाराम थापा', '9858051478', '', 3, NULL, 4, 1, '', 'नेपाल', 'कर्णाली', 'सुर्खेत', 'पञ्चपुरी न.पा.', '', ''),
(777, 'उमेश कुमार पौडेल', '9858054844', '', 3, NULL, 4, 1, '', 'नेपाल', 'कर्णाली', 'सुर्खेत', 'लेकबेसी न.पा.', '', ''),
(778, 'नरबहादुर वान्तोला', '9848122283', '', 3, NULL, 4, 1, '', 'नेपाल', 'कर्णाली', 'सुर्खेत', 'चौकुने', '', ''),
(779, 'भीमबहादुर भण्डारी', '9858055191', '', 3, NULL, 4, 1, '', 'नेपाल', 'कर्णाली', 'सुर्खेत', 'बराहताल', '', ''),
(780, 'डोरप्रसाद शर्मा', '9858060653', '', 3, NULL, 4, 1, '', 'नेपाल', 'कर्णाली', 'सुर्खेत', 'चिङ्गाड', '', ''),
(781, 'विरेन्द्र रावत', '9867421367', '', 3, NULL, 4, 1, '', 'नेपाल', 'कर्णाली', 'सुर्खेत', 'सिम्ता', '', ''),
(782, 'मनोज थापा', '9858060480', '', 3, NULL, 4, 1, '', 'नेपाल', 'कर्णाली', 'दैलेख', 'नारायण न.पा.', '', ''),
(783, 'लालबहादुर रावत', '9844812315', '', 3, NULL, 4, 1, '', 'नेपाल', 'कर्णाली', 'दैलेख', 'दुल्लु न.पा.', '', ''),
(784, 'जगतबहादुर शाही', '9848085610', '', 3, NULL, 4, 1, '', 'नेपाल', 'कर्णाली', 'दैलेख', 'चामुण्डा बिन्द्रसैनी न.पा.', '', ''),
(785, 'अर्जुन शाही', '9848098841', '', 3, NULL, 4, 1, '', 'नेपाल', 'कर्णाली', 'दैलेख', 'आठबीस न.पा.', '', ''),
(786, 'खगेन्द्रबहादुर शाही', '9848159050', '', 3, NULL, 4, 1, '', 'नेपाल', 'कर्णाली', 'दैलेख', 'भगवतीमाई', '', ''),
(787, 'चन्द्रप्रसाद भट्टराई', '9845556336', '', 3, NULL, 4, 1, '', 'नेपाल', 'कर्णाली', 'दैलेख', 'गुराँस', '', ''),
(788, 'भीमबहादुर भट्ट', '9844842381', '', 3, NULL, 4, 1, '', 'नेपाल', 'कर्णाली', 'दैलेख', 'ढुङ्गेश्वर', '', ''),
(789, 'परे खड्का', '9868912404', '', 3, NULL, 4, 1, '', 'नेपाल', 'कर्णाली', 'दैलेख', 'नौमुले', '', ''),
(790, 'कर्णबहादुर शाही', '9864942379', '', 3, NULL, 4, 1, '', 'नेपाल', 'कर्णाली', 'दैलेख', 'महाबु', '', ''),
(791, 'हिमलाल जैशी', '9848068964', '', 3, NULL, 4, 1, '', 'नेपाल', 'कर्णाली', 'दैलेख', 'भैरवी', '', ''),
(792, 'विष्णु रिजाल', '9862193900', '', 3, NULL, 4, 1, '', 'नेपाल', 'कर्णाली', 'दैलेख', 'ठाँटीकाँध', '', ''),
(793, 'शशी बहादुर वुढा', '9868656540', '', 3, NULL, 4, 1, '', 'नेपाल', 'कर्णाली', 'जाजरकोट', 'भेरी न.पा.', '', ''),
(794, 'टोपेन्द्र अधिकारी', '9858028722', '', 3, NULL, 4, 1, '', 'नेपाल', 'कर्णाली', 'जाजरकोट', 'छेडागाड न.पा.', '', ''),
(795, 'जयबहादुर सिंह', '9868255596', '', 3, NULL, 4, 1, '', 'नेपाल', 'कर्णाली', 'जाजरकोट', 'त्रिवेणी नलगाड न.पा.', '', ''),
(796, 'अम्मरबहादुर शाही', '9866527894\n9864792595', '', 3, NULL, 4, 1, '', 'नेपाल', 'कर्णाली', 'जाजरकोट', 'कुसे', '', ''),
(797, 'विरेन्द्रबहादुर शाही', '9868013846', '', 3, NULL, 4, 1, '', 'नेपाल', 'कर्णाली', 'जाजरकोट', 'जुनीचाँदे', '', ''),
(798, 'रामचन्द्र ज्योती', '9858073207', '', 3, NULL, 4, 1, '', 'नेपाल', 'कर्णाली', 'जाजरकोट', 'बारेकोट', '', ''),
(799, 'जयसवीर ओली', '9858047096', '', 3, NULL, 4, 1, '', 'नेपाल', 'कर्णाली', 'जाजरकोट', 'शिवालय', '', ''),
(800, 'रबी थापा', '9858320243', '', 3, NULL, 4, 1, '', 'नेपाल', 'कर्णाली', 'जुम्ला', 'चन्दननाथ न.पा.', '', ''),
(801, 'हरि भण्डारी', '9858322419', '', 3, NULL, 4, 1, '', 'नेपाल', 'कर्णाली', 'जुम्ला', 'कनकासुन्दरी ', '', ''),
(802, 'लालु वुढा', '9845559102', '', 3, NULL, 4, 1, '', 'नेपाल', 'कर्णाली', 'जुम्ला', 'सिंजा', '', ''),
(803, 'नरबहादुर शाही', '9868681247', '', 3, NULL, 4, 1, '', 'नेपाल', 'कर्णाली', 'जुम्ला', 'हिमा', '', ''),
(804, 'भक्त रोकाय', '9868307341', '', 3, NULL, 4, 1, '', 'नेपाल', 'कर्णाली', 'जुम्ला', 'तिला', '', ''),
(805, 'टेकबहादुर भण्डारी', '9848392532', '', 3, NULL, 4, 1, '', 'नेपाल', 'कर्णाली', 'जुम्ला', 'गुठिचौर', '', ''),
(806, 'घनप्रसाद चौलागाई', '9858322600', '', 3, NULL, 4, 1, '', 'नेपाल', 'कर्णाली', 'जुम्ला', 'तातोपानी', '', ''),
(807, 'गिरबहादुर वुढा', '9848319038', '', 3, NULL, 4, 1, '', 'नेपाल', 'कर्णाली', 'जुम्ला', 'पातारासी', '', ''),
(808, 'भानुभक्त आचार्य', '9848305745', '', 3, NULL, 4, 1, '', 'नेपाल', 'कर्णाली', 'कालिकोट', 'खाँडाचक्र न.पा.', '', ''),
(809, 'विर फर्साल', '9748938652', '', 3, NULL, 4, 1, '', 'नेपाल', 'कर्णाली', 'कालिकोट', 'रास्कोट न.पा.', '', ''),
(810, 'धिरेन्द्र थापा', '9848285751', '', 3, NULL, 4, 1, '', 'नेपाल', 'कर्णाली', 'कालिकोट', 'तिलागुफा न.पा.', '', ''),
(811, 'प्रजापति सन्ज्याल', '9847624034', '', 3, NULL, 4, 1, '', 'नेपाल', 'कर्णाली', 'कालिकोट', 'पचालझरना ', '', ''),
(812, 'विरेन्द्र वहादुर के.सी.', '9848381908', '', 3, NULL, 4, 1, '', 'नेपाल', 'कर्णाली', 'कालिकोट', 'सान्नी त्रिवेणी', '', ''),
(813, 'रामबहादुर बटाला', '9858321200', '', 3, NULL, 4, 1, '', 'नेपाल', 'कर्णाली', 'कालिकोट', 'नरहरिनाथ', '', ''),
(814, 'दिर्घ वहादुर शाही', '9848518344', '', 3, NULL, 4, 1, '', 'नेपाल', 'कर्णाली', 'कालिकोट', 'कालिका', '', ''),
(815, 'पुराधी अधिकारी', '9869705904', '', 3, NULL, 4, 1, '', 'नेपाल', 'कर्णाली', 'कालिकोट', 'महावै', '', ''),
(816, 'थिर वहादुर बम', '9848307334', '', 3, NULL, 4, 1, '', 'नेपाल', 'कर्णाली', 'कालिकोट', 'पलाता', '', ''),
(817, 'राजबहादुर सेजुवाल', '9848315383', '', 3, NULL, 4, 1, '', 'नेपाल', 'कर्णाली', 'मुगु', 'छायाँनाथ रारा न.पा.', '', ''),
(818, 'गारा तामाङ्ग', '9866733245', '', 3, NULL, 4, 1, '', 'नेपाल', 'कर्णाली', 'मुगु', 'मुकुमकार्मारोंग', '', ''),
(819, 'कुवेजंग शाही', '9864979480', '', 3, NULL, 4, 1, '', 'नेपाल', 'कर्णाली', 'मुगु', 'सोरु', '', ''),
(820, 'लोकराज दाहाल', '9858322473', '', 3, NULL, 4, 1, '', 'नेपाल', 'कर्णाली', 'मुगु', 'खत्याड', '', ''),
(821, 'का.वा. इन्द्र लामा ', '9848336930', '', 3, NULL, 4, 1, '', 'नेपाल', 'कर्णाली', 'हुम्ला', 'सिमकोट ', '', ''),
(822, 'सुनाम लामा', '9848309625', '', 3, NULL, 4, 1, '', 'नेपाल', 'कर्णाली', 'हुम्ला', 'नाम्खा', '', ''),
(823, 'टंकबहादुर शाही', '9848309778', '', 3, NULL, 4, 1, '', 'नेपाल', 'कर्णाली', 'हुम्ला', 'खार्पुनाथ', '', ''),
(824, 'धनराज शाही', '9858321055', '', 3, NULL, 4, 1, '', 'नेपाल', 'कर्णाली', 'हुम्ला', 'सर्केगाड', '', ''),
(825, 'नर भण्डारी', '9848304586', '', 3, NULL, 4, 1, '', 'नेपाल', 'कर्णाली', 'हुम्ला', 'चंखेली', '', ''),
(826, 'विष्णु भण्डारी', '9858040407', '', 3, NULL, 4, 1, '', 'नेपाल', 'कर्णाली', 'हुम्ला', 'अदानचुली', '', ''),
(827, 'कृष्णबहादुर मल्ल', '9869000888', '', 3, NULL, 4, 1, '', 'नेपाल', 'कर्णाली', 'हुम्ला', 'ताँजाकोट', '', ''),
(828, 'प्रेमबहादुर ओली', '9857821879', '', 3, NULL, 4, 1, '', 'नेपाल', 'कर्णाली', 'रुकुम (प.)', 'मुसिकोट न.पा.', '', ''),
(829, 'प्रेमबहादुर ओली', '9858072209\n', '', 3, NULL, 4, 1, '', 'नेपाल', 'कर्णाली', 'रुकुम (प.)', 'चौरजहारी न.पा.', '', ''),
(830, 'अमृत वोहरा', '9866966783', '', 3, NULL, 4, 1, '', 'नेपाल', 'कर्णाली', 'रुकुम (प.)', 'आठविसकोट न.पा.', '', ''),
(831, 'धिरेन्द्रकुमार शाही', '9801327915', '', 3, NULL, 4, 1, '', 'नेपाल', 'कर्णाली', 'रुकुम (प.)', 'बाँफिकोट', '', ''),
(832, 'दिपेन्द्र कुवर ओली', '9857858321', '', 3, NULL, 4, 1, '', 'नेपाल', 'कर्णाली', 'रुकुम (प.)', 'त्रिवेणी', '', ''),
(833, 'सन्तोष ओली', '9857822035', '', 3, NULL, 4, 1, '', 'नेपाल', 'कर्णाली', 'रुकुम (प.)', 'सानीभेरी', '', ''),
(834, 'गोपाल कार्की', '9848449354', '', 3, NULL, 4, 1, '', 'नेपाल', 'कर्णाली', 'बाजुरा', 'बडिमालिका न.पा.', '', ''),
(835, 'सुरेन्द्र गिरी', '9843580372', '', 3, NULL, 4, 1, '', 'नेपाल', 'कर्णाली', 'बाजुरा', 'त्रिवेणी न.पा.', '', ''),
(836, 'जयराज उपाध्याय', '9848643845', '', 3, NULL, 4, 1, '', 'नेपाल', 'कर्णाली', 'बाजुरा', 'बुढीगंगा न.पा.', '', ''),
(837, 'डवलबहादुर खड्का', '9865885494', '', 3, NULL, 4, 1, '', 'नेपाल', 'कर्णाली', 'बाजुरा', 'बुढीनन्दा न.पा.', '', ''),
(838, 'राजबहादुर धामी', '9848618029', '', 3, NULL, 4, 1, '', 'नेपाल', 'कर्णाली', 'बाजुरा', 'गौमुल', '', ''),
(839, 'सुन्दर विष्ट', '9865745509', '', 3, NULL, 4, 1, '', 'नेपाल', 'कर्णाली', 'बाजुरा', 'जगनाथ', '', ''),
(840, 'महेश कटेल', '9858077155', '', 3, NULL, 4, 1, '', 'नेपाल', 'कर्णाली', 'बाजुरा', 'स्वामीकार्तिक', '', ''),
(841, 'हर्क विष्ट', '1', '', 3, NULL, 4, 1, '', 'नेपाल', 'कर्णाली', 'बाजुरा', 'छेडेदह', '', ''),
(842, 'अम्मलाल कार्की', '9848887121', '', 3, NULL, 4, 1, '', 'नेपाल', 'कर्णाली', 'बाजुरा', 'हिमाली', '', ''),
(843, 'हिरेन्द्रबहादुर छत्याल', '9864635423', '', 3, NULL, 4, 1, '', 'नेपाल', 'सुदुरपश्चिम', 'बझाङ', 'जयपृथ्वी न.पा.', '', ''),
(844, 'नरेशबहादुर थापा', '9851138840', '', 3, NULL, 4, 1, '', 'नेपाल', 'सुदुरपश्चिम', 'बझाङ', 'बुंगल न.पा.', '', ''),
(845, 'लोकेन्द्रबहादुर सिंह', '9848695243', '', 3, NULL, 4, 1, '', 'नेपाल', 'सुदुरपश्चिम', 'बझाङ', 'तलकोट', '', ''),
(846, 'उत्तमराज जोशी', '9744351482', '', 3, NULL, 4, 1, '', 'नेपाल', 'सुदुरपश्चिम', 'बझाङ', 'मष्टा', '', ''),
(847, 'विष्णुभक्त जोशी', '9842230095', '', 3, NULL, 4, 1, '', 'नेपाल', 'सुदुरपश्चिम', 'बझाङ', 'खप्तडछान्ना', '', ''),
(848, 'दिलबहादुर सिंह', '9848887419', '', 3, NULL, 4, 1, '', 'नेपाल', 'सुदुरपश्चिम', 'बझाङ', 'थलारा', '', ''),
(849, 'चक्र अधिकारी', '9848493368', '', 3, NULL, 4, 1, '', 'नेपाल', 'सुदुरपश्चिम', 'बझाङ', 'बित्थडचिर', '', ''),
(850, 'अतित बोहरा', '9845467179', '', 3, NULL, 4, 1, '', 'नेपाल', 'सुदुरपश्चिम', 'बझाङ', 'सूर्मा', '', ''),
(851, 'पाण्डव थापा', '9849830923', '', 3, NULL, 4, 1, '', 'नेपाल', 'सुदुरपश्चिम', 'बझाङ', 'छविसपाथिभेरा', '', ''),
(852, 'युवराज भण्डारी', '9864769222', '', 3, NULL, 4, 1, '', 'नेपाल', 'सुदुरपश्चिम', 'बझाङ', 'दुर्गाथली', '', ''),
(853, 'शिवराज भण्डारी', '9848544328', '', 3, NULL, 4, 1, '', 'नेपाल', 'सुदुरपश्चिम', 'बझाङ', 'केदारस्युँ', '', ''),
(854, 'रामबहादुर बोहरा', '9868559107', '', 3, NULL, 4, 1, '', 'नेपाल', 'सुदुरपश्चिम', 'बझाङ', 'साइपल (काँडा)', '', ''),
(855, 'झपट रावल', '9868614541', '', 3, NULL, 4, 1, '', 'नेपाल', 'सुदुरपश्चिम', 'अछाम', 'मंगलसेन न.पा.', '', ''),
(856, 'पदमबहादुर भण्डारी', '9868536158', '', 3, NULL, 4, 1, '', 'नेपाल', 'सुदुरपश्चिम', 'अछाम', 'कमलबजार न.पा.', '', '');
INSERT INTO `members` (`memberId`, `memberName`, `mobileNumber`, `email`, `committeeId`, `subCommitteeId`, `levelId`, `positionId`, `representative`, `address`, `province`, `district`, `municipality`, `ward`, `remarks`) VALUES
(857, 'लालबहादुर कुँवर', '9884600984', '', 3, NULL, 4, 1, '', 'नेपाल', 'सुदुरपश्चिम', 'अछाम', 'साँफेबगर न.पा.', '', ''),
(858, 'सज्जनबहादुर शाही', '9862403456', '', 3, NULL, 4, 1, '', 'नेपाल', 'सुदुरपश्चिम', 'अछाम', 'पंचदेवल विनायक न.पा.', '', ''),
(859, 'धर्म साउद', '9864311731', '', 3, NULL, 4, 1, '', 'नेपाल', 'सुदुरपश्चिम', 'अछाम', 'चौरपाटी', '', ''),
(860, 'खगेन्द्र साउद', '9868567447', '', 3, NULL, 4, 1, '', 'नेपाल', 'सुदुरपश्चिम', 'अछाम', 'मेल्लेख', '', ''),
(861, 'कर्ण ठगुन्ना', '9858420448', '', 3, NULL, 4, 1, '', 'नेपाल', 'सुदुरपश्चिम', 'अछाम', 'बान्नीगढी जयगढ', '', ''),
(862, 'मानबहादुर साउद', '9860452609', '', 3, NULL, 4, 1, '', 'नेपाल', 'सुदुरपश्चिम', 'अछाम', 'रामारोशन', '', ''),
(863, 'धनबहादुर बुढा', '9848458280', '', 3, NULL, 4, 1, '', 'नेपाल', 'सुदुरपश्चिम', 'अछाम', 'ढकारी', '', ''),
(864, 'कविराम वयक', '9848645902', '', 3, NULL, 4, 1, '', 'नेपाल', 'सुदुरपश्चिम', 'अछाम', 'तुर्माखाँद', '', ''),
(865, 'ग०ोश बहादूर मलासी', '9851101767', '', 3, NULL, 4, 1, '', 'नेपाल', 'सुदुरपश्चिम', 'डोटी', 'दिपायल सिलगढी न.पा.', '', ''),
(866, 'हर्क बहादूर बोग६ी', '9858440448', '', 3, NULL, 4, 1, '', 'नेपाल', 'सुदुरपश्चिम', 'डोटी', 'शिखर न.पा.', '', ''),
(867, 'बल बहादूर ख८का', '9848406835', '', 3, NULL, 4, 1, '', 'नेपाल', 'सुदुरपश्चिम', 'डोटी', 'पूर्वीचौकी', '', ''),
(868, 'करु०ााकर राज जोशी', '9865575588', '', 3, NULL, 4, 1, '', 'नेपाल', 'सुदुरपश्चिम', 'डोटी', 'बडीकेदार', '', ''),
(869, 'मोहन बहादूर मल्ल', '9848981674', '', 3, NULL, 4, 1, '', 'नेपाल', 'सुदुरपश्चिम', 'डोटी', 'जोरायल', '', ''),
(870, 'तेज राज ओझा', '9848798249', '', 3, NULL, 4, 1, '', 'नेपाल', 'सुदुरपश्चिम', 'डोटी', 'सायल', '', ''),
(871, 'का.वा. ईन्द्र बोहरा', '9865739802', '', 3, NULL, 4, 1, '', 'नेपाल', 'सुदुरपश्चिम', 'डोटी', 'आदर्श', '', ''),
(872, 'अर्जुन बलायर', '9868355454', '', 3, NULL, 4, 1, '', 'नेपाल', 'सुदुरपश्चिम', 'डोटी', 'के.आई.सिं.', '', ''),
(873, 'खड्क बहादूर बोहरा', '9848543095', '', 3, NULL, 4, 1, '', 'नेपाल', 'सुदुरपश्चिम', 'डोटी', 'बोगटान', '', ''),
(874, 'यज्ञराज उपाध्याय', '1', '', 3, NULL, 4, 1, '', 'नेपाल', 'सुदुरपश्चिम', 'कैलाली', 'धनगढी उ.म.पा.', '', ''),
(875, 'नरेश कुमार खत्री', '1', '', 3, NULL, 4, 1, '', 'नेपाल', 'सुदुरपश्चिम', 'कैलाली', 'टिकापुर न.पा.', '', ''),
(876, 'बम बहादुर सिंह', '1', '', 3, NULL, 4, 1, '', 'नेपाल', 'सुदुरपश्चिम', 'कैलाली', 'घोडाघोडी न.पा.', '', ''),
(877, 'ईन्द्र बहादुर कुँवर', '1', '', 3, NULL, 4, 1, '', 'नेपाल', 'सुदुरपश्चिम', 'कैलाली', 'लम्किचुहा न.पा.', '', ''),
(878, 'नवराज मिश्र', '1', '', 3, NULL, 4, 1, '', 'नेपाल', 'सुदुरपश्चिम', 'कैलाली', 'भजनी न.पा.', '', ''),
(879, 'विर बहादुर चोखाल', '1', '', 3, NULL, 4, 1, '', 'नेपाल', 'सुदुरपश्चिम', 'कैलाली', 'गोदावरी न.पा.', '', ''),
(880, 'पहल विक्रम चन्द', '1', '', 3, NULL, 4, 1, '', 'नेपाल', 'सुदुरपश्चिम', 'कैलाली', 'गौरीगंगा न.पा.', '', ''),
(881, 'गणेशराज रेग्मी', '1', '', 3, NULL, 4, 1, '', 'नेपाल', 'सुदुरपश्चिम', 'कैलाली', 'जानकी', '', ''),
(882, 'कृष्ण विष्ट', '1', '', 3, NULL, 4, 1, '', 'नेपाल', 'सुदुरपश्चिम', 'कैलाली', 'बर्दगोरिया', '', ''),
(883, 'कमल बहादुर साउँद', '1', '', 3, NULL, 4, 1, '', 'नेपाल', 'सुदुरपश्चिम', 'कैलाली', 'मोहन्याल', '', ''),
(884, 'कृष्ण प्रसाद चौधरी', '1', '', 3, NULL, 4, 1, '', 'नेपाल', 'सुदुरपश्चिम', 'कैलाली', 'कैलारी', '', ''),
(885, 'बंशराम बडायक', '1', '', 3, NULL, 4, 1, '', 'नेपाल', 'सुदुरपश्चिम', 'कैलाली', 'जोशीपुर', '', ''),
(886, 'हेम बहादुर शाह', '1', '', 3, NULL, 4, 1, '', 'नेपाल', 'सुदुरपश्चिम', 'कैलाली', 'चुरे', '', ''),
(887, 'अच्युत राज कलौनी', '1', '', 3, NULL, 4, 1, '', 'नेपाल', 'सुदुरपश्चिम', 'कञ्चनपुर', 'भीमदत्त न.पा.', '', ''),
(888, 'शुक बहादुर तामाङ', '1', '', 3, NULL, 4, 1, '', 'नेपाल', 'सुदुरपश्चिम', 'कञ्चनपुर', 'पुनर्वास न.पा.', '', ''),
(889, 'तुलाराम शाहु', '1', '', 3, NULL, 4, 1, '', 'नेपाल', 'सुदुरपश्चिम', 'कञ्चनपुर', 'बेदकोट न.पा.', '', ''),
(890, 'राजेन्द्र मल्ल', '1', '', 3, NULL, 4, 1, '', 'नेपाल', 'सुदुरपश्चिम', 'कञ्चनपुर', 'महाकाली (दोधराचाँदनी) न.पा.', '', ''),
(891, 'दान बहादुर ऐर', '1', '', 3, NULL, 4, 1, '', 'नेपाल', 'सुदुरपश्चिम', 'कञ्चनपुर', 'शुक्लाफाँटा न.पा.', '', ''),
(892, 'पेपुराम चौधरी', '1', '', 3, NULL, 4, 1, '', 'नेपाल', 'सुदुरपश्चिम', 'कञ्चनपुर', 'बेलौरी न.पा.', '', ''),
(893, 'विष्णु खड्का', '1', '', 3, NULL, 4, 1, '', 'नेपाल', 'सुदुरपश्चिम', 'कञ्चनपुर', 'कृष्णपुर न.पा.', '', ''),
(894, 'गज बहादुर विष्ट', '1', '', 3, NULL, 4, 1, '', 'नेपाल', 'सुदुरपश्चिम', 'कञ्चनपुर', 'बेलडाँडी', '', ''),
(895, 'श्री कृष्ण राना', '1', '', 3, NULL, 4, 1, '', 'नेपाल', 'सुदुरपश्चिम', 'कञ्चनपुर', 'लालझाँडी', '', ''),
(896, 'खेमराज भट्ट', '9848446456', '', 3, NULL, 4, 1, '', 'नेपाल', 'सुदुरपश्चिम', 'डडेल्धुरा', 'अमरगढी न.पा.', '', ''),
(897, 'भरत वडायर जोशी', '9851167935', '', 3, NULL, 4, 1, '', 'नेपाल', 'सुदुरपश्चिम', 'डडेल्धुरा', 'परशुराम न.पा.', '', ''),
(898, 'चन्द्रदेव वोहरा', '9848728586', '', 3, NULL, 4, 1, '', 'नेपाल', 'सुदुरपश्चिम', 'डडेल्धुरा', 'आलिताल', '', ''),
(899, 'डम्बरराज जोशी', '9848706995', '', 3, NULL, 4, 1, '', 'नेपाल', 'सुदुरपश्चिम', 'डडेल्धुरा', 'भागेश्वर', '', ''),
(900, 'भोजराज भट्ट', '9848802975', '', 3, NULL, 4, 1, '', 'नेपाल', 'सुदुरपश्चिम', 'डडेल्धुरा', 'नवदुर्गा', '', ''),
(901, 'टेकराज पाण्डेय', '9858751483', '', 3, NULL, 4, 1, '', 'नेपाल', 'सुदुरपश्चिम', 'डडेल्धुरा', 'अजयमेरु', '', ''),
(902, 'इन्द्रबहादुर कार्की', '9848802481', '', 3, NULL, 4, 1, '', 'नेपाल', 'सुदुरपश्चिम', 'डडेल्धुरा', 'गन्यापधुरा', '', ''),
(903, 'भुवन प्रसाद भट्ट', '9848804571', '', 3, NULL, 4, 1, '', 'नेपाल', 'सुदुरपश्चिम', 'बैतडी', 'दशरथचन्द न.पा.', '', ''),
(904, 'रमेश सिंह महरा', '9848864140', '', 3, NULL, 4, 1, '', 'नेपाल', 'सुदुरपश्चिम', 'बैतडी', 'पाटन न.पा.', '', ''),
(905, 'प्रमानन्द भट्ट', '9842880376', '', 3, NULL, 4, 1, '', 'नेपाल', 'सुदुरपश्चिम', 'बैतडी', 'मेलौली न.पा.', '', ''),
(906, 'गणेश गडाल', '9868779155', '', 3, NULL, 4, 1, '', 'नेपाल', 'सुदुरपश्चिम', 'बैतडी', 'पुर्चौडी न.पा.', '', ''),
(907, 'प्रताप महरा', '9868718466', '', 3, NULL, 4, 1, '', 'नेपाल', 'सुदुरपश्चिम', 'बैतडी', 'सुर्नया', '', ''),
(908, 'कर्णबहादुर ऐर', '9847125865', '', 3, NULL, 4, 1, '', 'नेपाल', 'सुदुरपश्चिम', 'बैतडी', 'सिगास', '', ''),
(909, 'हिरा चन्द', '9849821199', '', 3, NULL, 4, 1, '', 'नेपाल', 'सुदुरपश्चिम', 'बैतडी', 'शिवनाथ', '', ''),
(910, 'रामबहादुर चन्द', '9848876212', '', 3, NULL, 4, 1, '', 'नेपाल', 'सुदुरपश्चिम', 'बैतडी', 'पन्चेश्वर', '', ''),
(911, 'नन्दराज भट्ट', '9848832265', '', 3, NULL, 4, 1, '', 'नेपाल', 'सुदुरपश्चिम', 'बैतडी', 'दोगडाकेदार', '', ''),
(912, 'जयानन्द जोशी', '9851219064', '', 3, NULL, 4, 1, '', 'नेपाल', 'सुदुरपश्चिम', 'बैतडी', 'डीलासैनी', '', ''),
(913, 'चन्द्र सिंह विष्ट', '9847534443', '', 3, NULL, 4, 1, '', 'नेपाल', 'सुदुरपश्चिम', 'दार्चुला', 'महाकाली न.पा.', '', ''),
(914, 'मोहन साउद', '9848809515', '', 3, NULL, 4, 1, '', 'नेपाल', 'सुदुरपश्चिम', 'दार्चुला', 'शैल्यशिखर न.पा.', '', ''),
(915, 'किशन सिंह सामन्त', '9848705832', '', 3, NULL, 4, 1, '', 'नेपाल', 'सुदुरपश्चिम', 'दार्चुला', 'मालिकार्जुन ', '', ''),
(916, 'शोभन सिंह लोथ्याल', '9848973146', '', 3, NULL, 4, 1, '', 'नेपाल', 'सुदुरपश्चिम', 'दार्चुला', 'अपिहिमाल', '', ''),
(917, 'नरेन्द्र सिंह कुवर', '9844679199', '', 3, NULL, 4, 1, '', 'नेपाल', 'सुदुरपश्चिम', 'दार्चुला', 'दुहुँ', '', ''),
(918, 'प्रेम सिंह धामी', '9769513863', '', 3, NULL, 4, 1, '', 'नेपाल', 'सुदुरपश्चिम', 'दार्चुला', 'नौगाड', '', ''),
(919, 'धनन्जय जोशी', '9864640550', '', 3, NULL, 4, 1, '', 'नेपाल', 'सुदुरपश्चिम', 'दार्चुला', 'मार्मा', '', ''),
(920, 'कमलापती मिश्र', '9848792505', '', 3, NULL, 4, 1, '', 'नेपाल', 'सुदुरपश्चिम', 'दार्चुला', 'लेकम', '', ''),
(921, 'नरेन्द्र दत्त भट्ट', '9868808235', '', 3, NULL, 4, 1, '', 'नेपाल', 'सुदुरपश्चिम', 'दार्चुला', 'व्याँस', '', '');

-- --------------------------------------------------------

--
-- Table structure for table `messages`
--

CREATE TABLE `messages` (
  `messageId` int(11) NOT NULL,
  `from` varchar(255) NOT NULL,
  `to` varchar(255) NOT NULL,
  `text` varchar(255) NOT NULL
) ENGINE=InnoDB DEFAULT CHARSET=utf8mb4 COLLATE=utf8mb4_unicode_ci;

--
-- Dumping data for table `messages`
--

INSERT INTO `messages` (`messageId`, `from`, `to`, `text`) VALUES
(1, 'कार्यक्र संयोजक नेपाली काँग्रेस नगरसमिति', '', 'नेपाली काँग्रेसकी सहमहा मन्त्री श्री डिना उपाध्यायको समुपस्तितिमा नगरस्तरिय कार्यकर्ता भेला तथा दसै शुभकामना आधान प्रदान कार्यकमा तपाईको उपस्थितिका लागि यो संदेश पठाइएको छ।'),
(2, 'नेपाली काँग्रेस नगरसमिति', '', 'नेपाली काँग्रेसकी सहमहा मन्त्री श्री डिना उपाध्यायको समुपस्तितिमा नगरस्तरिय कार्यकर्ता भेला तथा दसै शुभकामना आधान प्रदान कार्यकमा तपाईको उपस्थितिका लागि यो संदेश पठाइएको छ'),
(3, 'नेपाली काँग्रेस नगरसमिति', '9841375499,9851001818,9841241747,9951218757,9851038957,9851029358,9851194304', 'नेपाली काँग्रेसकी सहमहा मन्त्री श्री डिना उपाध्यायको समुपस्तितिमा नगरस्तरिय कार्यकर्ता भेला तथा दसै शुभकामना आधान प्रदान कार्यकमा तपाईको उपस्थितिका लागि यो संदेश पठाइएको छ');

-- --------------------------------------------------------

--
-- Table structure for table `positions`
--

CREATE TABLE `positions` (
  `positionId` int(11) NOT NULL,
  `positionName` varchar(255) NOT NULL
) ENGINE=InnoDB DEFAULT CHARSET=utf8mb4 COLLATE=utf8mb4_unicode_ci;

--
-- Dumping data for table `positions`
--

INSERT INTO `positions` (`positionId`, `positionName`) VALUES
(1, 'सभापति'),
(2, 'उपसभापति'),
(3, 'महामन्त्री'),
(4, 'सहमहामन्त्री'),
(5, 'सदस्य'),
(6, 'आमन्त्रीत केन्द्रीय सदस्य'),
(7, 'सदस्य एवं प्रवक्ता'),
(8, 'कार्यकारी निर्देशक'),
(9, 'वरिष्ठ नेता'),
(10, 'कोषाध्यक्ष');

-- --------------------------------------------------------

--
-- Table structure for table `representatives`
--

CREATE TABLE `representatives` (
  `representativesId` int(11) NOT NULL,
  `memberId` varchar(255) NOT NULL,
  `subLevelId` int(11) NOT NULL
) ENGINE=InnoDB DEFAULT CHARSET=utf8mb4 COLLATE=utf8mb4_unicode_ci;

-- --------------------------------------------------------

--
-- Table structure for table `structures`
--

CREATE TABLE `structures` (
  `structureId` int(11) NOT NULL,
  `committeeId` int(11) NOT NULL,
  `subCommitteeId` int(11) DEFAULT NULL,
  `levelId` int(11) NOT NULL,
  `positionId` int(11) NOT NULL
) ENGINE=InnoDB DEFAULT CHARSET=utf8mb4 COLLATE=utf8mb4_unicode_ci;

--
-- Dumping data for table `structures`
--

INSERT INTO `structures` (`structureId`, `committeeId`, `subCommitteeId`, `levelId`, `positionId`) VALUES
(1, 1, NULL, 1, 1),
(2, 1, NULL, 1, 2),
(3, 1, NULL, 1, 3),
(4, 1, NULL, 1, 4),
(8, 2, NULL, 1, 1),
(9, 2, NULL, 1, 2),
(10, 2, NULL, 1, 3),
(11, 2, NULL, 1, 4),
(14, 1, NULL, 1, 5),
(15, 1, NULL, 1, 6),
(16, 2, NULL, 1, 7),
(17, 1, 1, 1, 2),
(18, 1, 1, 1, 8),
(19, 1, 1, 1, 5),
(20, 3, NULL, 4, 1),
(21, 3, NULL, 4, 2),
(22, 3, NULL, 4, 9),
(23, 3, NULL, 4, 3),
(24, 3, NULL, 4, 4),
(25, 3, NULL, 4, 10),
(26, 3, NULL, 4, 5);

-- --------------------------------------------------------

--
-- Table structure for table `sub_committees`
--

CREATE TABLE `sub_committees` (
  `subCommitteeId` int(11) NOT NULL,
  `subCommitteeName` varchar(255) NOT NULL,
  `committeeId` int(11) NOT NULL,
  `membersMemberId` int(11) DEFAULT NULL
) ENGINE=InnoDB DEFAULT CHARSET=utf8mb4 COLLATE=utf8mb4_unicode_ci;

--
-- Dumping data for table `sub_committees`
--

INSERT INTO `sub_committees` (`subCommitteeId`, `subCommitteeName`, `committeeId`, `membersMemberId`) VALUES
(1, 'निति तथा अनुसन्धान प्रतिष्ठान', 1, NULL);

-- --------------------------------------------------------

--
-- Table structure for table `sub_level`
--

CREATE TABLE `sub_level` (
  `subLevelId` int(11) NOT NULL,
  `committeeId` int(11) NOT NULL,
  `subCommitteeId` int(11) DEFAULT NULL,
  `levelId` int(11) NOT NULL
) ENGINE=InnoDB DEFAULT CHARSET=utf8mb4 COLLATE=utf8mb4_unicode_ci;

--
-- Dumping data for table `sub_level`
--

INSERT INTO `sub_level` (`subLevelId`, `committeeId`, `subCommitteeId`, `levelId`) VALUES
(1, 1, NULL, 1),
(2, 2, NULL, 1),
(3, 1, 1, 1),
(4, 3, NULL, 4);

-- --------------------------------------------------------

--
-- Table structure for table `users`
--

CREATE TABLE `users` (
  `userId` int(11) NOT NULL,
  `username` varchar(255) NOT NULL,
  `password` varchar(255) NOT NULL,
  `role` enum('superadmin','admin') NOT NULL,
  `credits` int(11) DEFAULT NULL
) ENGINE=InnoDB DEFAULT CHARSET=utf8mb4 COLLATE=utf8mb4_unicode_ci;

--
-- Dumping data for table `users`
--

INSERT INTO `users` (`userId`, `username`, `password`, `role`, `credits`) VALUES
(1, 'admin', '$2a$12$sYjEEENt4GN2dzqXYtXvc.LJ0HX6M7Ut27QzvDUAD9e5kJKZaqKQK', 'admin', 994),
(2, 'superadmin', '$2a$12$TMCDaWJrCOQEAkhflBwqqu.eJ2EPURw0R.UDblF8h7bYrMw8ZuQDu', 'superadmin', 0),
(3, 'tester', 'tester123', 'superadmin', 2000);

--
-- Indexes for dumped tables
--

--
-- Indexes for table `committees`
--
ALTER TABLE `committees`
  ADD PRIMARY KEY (`committeeId`);

--
-- Indexes for table `events`
--
ALTER TABLE `events`
  ADD PRIMARY KEY (`eventId`);

--
-- Indexes for table `levels`
--
ALTER TABLE `levels`
  ADD PRIMARY KEY (`levelId`);

--
-- Indexes for table `members`
--
ALTER TABLE `members`
  ADD PRIMARY KEY (`memberId`),
  ADD UNIQUE KEY `memberId` (`memberId`),
  ADD KEY `FK_2df21a5e1e26fb4ae075d7f4e02` (`levelId`),
  ADD KEY `FK_3742c617bc0dc5b4dcdaf58bb93` (`positionId`),
  ADD KEY `FK_ab3f49544a5145ad1184c32cf29` (`subCommitteeId`),
  ADD KEY `FK_92c3822efd1cdb1e2b17e20ea70` (`committeeId`);
ALTER TABLE `members` ADD FULLTEXT KEY `IDX_86b2cd05f01856857cb79a7256` (`mobileNumber`);

--
-- Indexes for table `messages`
--
ALTER TABLE `messages`
  ADD PRIMARY KEY (`messageId`);

--
-- Indexes for table `positions`
--
ALTER TABLE `positions`
  ADD PRIMARY KEY (`positionId`);

--
-- Indexes for table `representatives`
--
ALTER TABLE `representatives`
  ADD PRIMARY KEY (`representativesId`),
  ADD UNIQUE KEY `REL_371f38ac1a9d142912153f852d` (`subLevelId`);

--
-- Indexes for table `structures`
--
ALTER TABLE `structures`
  ADD PRIMARY KEY (`structureId`),
  ADD KEY `FK_78937dbe41fa0d23db8fbad9019` (`committeeId`),
  ADD KEY `FK_2f6e12e886b1246b11f00cce70a` (`subCommitteeId`),
  ADD KEY `FK_be288497df8032b881cdf65d358` (`levelId`),
  ADD KEY `FK_e5ff5636d6e601c97caa8bea1ca` (`positionId`);

--
-- Indexes for table `sub_committees`
--
ALTER TABLE `sub_committees`
  ADD PRIMARY KEY (`subCommitteeId`),
  ADD KEY `FK_42d781f46fd3aefe5f79a309a8d` (`committeeId`),
  ADD KEY `FK_0e63a9a557f5c45c0c35999dc7a` (`membersMemberId`);

--
-- Indexes for table `sub_level`
--
ALTER TABLE `sub_level`
  ADD PRIMARY KEY (`subLevelId`),
  ADD KEY `FK_6116eb1df1b0b0f3687fc361086` (`committeeId`),
  ADD KEY `FK_3ba7a8ef82abaf11d88ac42c4d8` (`subCommitteeId`),
  ADD KEY `FK_98239f9223144c1335dc14cc036` (`levelId`);

--
-- Indexes for table `users`
--
ALTER TABLE `users`
  ADD PRIMARY KEY (`userId`);

--
-- AUTO_INCREMENT for dumped tables
--

--
-- AUTO_INCREMENT for table `committees`
--
ALTER TABLE `committees`
  MODIFY `committeeId` int(11) NOT NULL AUTO_INCREMENT, AUTO_INCREMENT=4;

--
-- AUTO_INCREMENT for table `events`
--
ALTER TABLE `events`
  MODIFY `eventId` int(11) NOT NULL AUTO_INCREMENT, AUTO_INCREMENT=2;

--
-- AUTO_INCREMENT for table `levels`
--
ALTER TABLE `levels`
  MODIFY `levelId` int(11) NOT NULL AUTO_INCREMENT, AUTO_INCREMENT=5;

--
-- AUTO_INCREMENT for table `members`
--
ALTER TABLE `members`
  MODIFY `memberId` int(11) NOT NULL AUTO_INCREMENT, AUTO_INCREMENT=922;

--
-- AUTO_INCREMENT for table `messages`
--
ALTER TABLE `messages`
  MODIFY `messageId` int(11) NOT NULL AUTO_INCREMENT, AUTO_INCREMENT=4;

--
-- AUTO_INCREMENT for table `positions`
--
ALTER TABLE `positions`
  MODIFY `positionId` int(11) NOT NULL AUTO_INCREMENT, AUTO_INCREMENT=11;

--
-- AUTO_INCREMENT for table `representatives`
--
ALTER TABLE `representatives`
  MODIFY `representativesId` int(11) NOT NULL AUTO_INCREMENT;

--
-- AUTO_INCREMENT for table `structures`
--
ALTER TABLE `structures`
  MODIFY `structureId` int(11) NOT NULL AUTO_INCREMENT, AUTO_INCREMENT=27;

--
-- AUTO_INCREMENT for table `sub_committees`
--
ALTER TABLE `sub_committees`
  MODIFY `subCommitteeId` int(11) NOT NULL AUTO_INCREMENT, AUTO_INCREMENT=2;

--
-- AUTO_INCREMENT for table `sub_level`
--
ALTER TABLE `sub_level`
  MODIFY `subLevelId` int(11) NOT NULL AUTO_INCREMENT, AUTO_INCREMENT=5;

--
-- AUTO_INCREMENT for table `users`
--
ALTER TABLE `users`
  MODIFY `userId` int(11) NOT NULL AUTO_INCREMENT, AUTO_INCREMENT=4;

--
-- Constraints for dumped tables
--

--
-- Constraints for table `members`
--
ALTER TABLE `members`
  ADD CONSTRAINT `FK_2df21a5e1e26fb4ae075d7f4e02` FOREIGN KEY (`levelId`) REFERENCES `levels` (`levelId`) ON DELETE NO ACTION ON UPDATE NO ACTION,
  ADD CONSTRAINT `FK_3742c617bc0dc5b4dcdaf58bb93` FOREIGN KEY (`positionId`) REFERENCES `positions` (`positionId`) ON DELETE NO ACTION ON UPDATE NO ACTION,
  ADD CONSTRAINT `FK_92c3822efd1cdb1e2b17e20ea70` FOREIGN KEY (`committeeId`) REFERENCES `committees` (`committeeId`) ON DELETE NO ACTION ON UPDATE NO ACTION,
  ADD CONSTRAINT `FK_ab3f49544a5145ad1184c32cf29` FOREIGN KEY (`subCommitteeId`) REFERENCES `sub_committees` (`subCommitteeId`) ON DELETE NO ACTION ON UPDATE NO ACTION;

--
-- Constraints for table `representatives`
--
ALTER TABLE `representatives`
  ADD CONSTRAINT `FK_371f38ac1a9d142912153f852d3` FOREIGN KEY (`subLevelId`) REFERENCES `sub_level` (`subLevelId`) ON DELETE NO ACTION ON UPDATE NO ACTION;

--
-- Constraints for table `structures`
--
ALTER TABLE `structures`
  ADD CONSTRAINT `FK_2f6e12e886b1246b11f00cce70a` FOREIGN KEY (`subCommitteeId`) REFERENCES `sub_committees` (`subCommitteeId`) ON DELETE SET NULL ON UPDATE NO ACTION,
  ADD CONSTRAINT `FK_78937dbe41fa0d23db8fbad9019` FOREIGN KEY (`committeeId`) REFERENCES `committees` (`committeeId`) ON DELETE CASCADE ON UPDATE NO ACTION,
  ADD CONSTRAINT `FK_be288497df8032b881cdf65d358` FOREIGN KEY (`levelId`) REFERENCES `levels` (`levelId`) ON DELETE CASCADE ON UPDATE NO ACTION,
  ADD CONSTRAINT `FK_e5ff5636d6e601c97caa8bea1ca` FOREIGN KEY (`positionId`) REFERENCES `positions` (`positionId`) ON DELETE CASCADE ON UPDATE NO ACTION;

--
-- Constraints for table `sub_committees`
--
ALTER TABLE `sub_committees`
  ADD CONSTRAINT `FK_0e63a9a557f5c45c0c35999dc7a` FOREIGN KEY (`membersMemberId`) REFERENCES `members` (`memberId`) ON DELETE NO ACTION ON UPDATE NO ACTION,
  ADD CONSTRAINT `FK_42d781f46fd3aefe5f79a309a8d` FOREIGN KEY (`committeeId`) REFERENCES `committees` (`committeeId`) ON DELETE CASCADE ON UPDATE NO ACTION;

--
-- Constraints for table `sub_level`
--
ALTER TABLE `sub_level`
  ADD CONSTRAINT `FK_3ba7a8ef82abaf11d88ac42c4d8` FOREIGN KEY (`subCommitteeId`) REFERENCES `sub_committees` (`subCommitteeId`) ON DELETE SET NULL ON UPDATE NO ACTION,
  ADD CONSTRAINT `FK_6116eb1df1b0b0f3687fc361086` FOREIGN KEY (`committeeId`) REFERENCES `committees` (`committeeId`) ON DELETE CASCADE ON UPDATE NO ACTION,
  ADD CONSTRAINT `FK_98239f9223144c1335dc14cc036` FOREIGN KEY (`levelId`) REFERENCES `levels` (`levelId`) ON DELETE CASCADE ON UPDATE NO ACTION;
COMMIT;

/*!40101 SET CHARACTER_SET_CLIENT=@OLD_CHARACTER_SET_CLIENT */;
/*!40101 SET CHARACTER_SET_RESULTS=@OLD_CHARACTER_SET_RESULTS */;
/*!40101 SET COLLATION_CONNECTION=@OLD_COLLATION_CONNECTION */;
